-- phpMyAdmin SQL Dump
-- version 3.4.9
-- http://www.phpmyadmin.net
--
-- Host: Localhost
-- Generation Time: Feb 05, 2012 at 10:29 PM
-- Server version: 5.5.20
-- PHP Version: 5.3.9

SET SQL_MODE="NO_AUTO_VALUE_ON_ZERO";
SET time_zone = "+00:00";


/*!40101 SET @OLD_CHARACTER_SET_CLIENT=@@CHARACTER_SET_CLIENT */;
/*!40101 SET @OLD_CHARACTER_SET_RESULTS=@@CHARACTER_SET_RESULTS */;
/*!40101 SET @OLD_COLLATION_CONNECTION=@@COLLATION_CONNECTION */;
/*!40101 SET NAMES utf8 */;

--
-- Database: `library`
--

-- --------------------------------------------------------

--
-- Table structure for table `author`
--

CREATE TABLE IF NOT EXISTS `author` (
  `Author_ID` int(11) NOT NULL AUTO_INCREMENT,
  `Author_Fname` varchar(100) COLLATE utf8_unicode_ci NOT NULL,
  `Author_Lname` varchar(100) COLLATE utf8_unicode_ci NOT NULL,
  PRIMARY KEY (`Author_ID`)
) ENGINE=MyISAM  DEFAULT CHARSET=utf8 COLLATE=utf8_unicode_ci AUTO_INCREMENT=229 ;

--
-- Dumping data for table `author`
--

INSERT INTO `author` (`Author_ID`, `Author_Fname`, `Author_Lname`) VALUES
(1, 'ابو الفدا', 'الدمشقى'),
(2, 'ابى جعفر', 'الطبرى'),
(3, 'محمد', 'السيوطى'),
(4, 'ابى يحيى', 'التجيبنى'),
(5, 'محمد', 'الاشقر'),
(6, 'محمد', 'الشوكانى'),
(7, 'ابى الحسن', 'البصرى'),
(8, 'احمد', 'المراغى'),
(9, 'محمد', 'الذهبى'),
(10, 'عبدالرحمن', 'السعدى'),
(11, 'محمد', 'الصابونى'),
(12, 'محمد', 'الباقى'),
(13, 'ابى الفضل', 'السيوطى'),
(14, 'محمد', 'الغول'),
(15, 'عطية', 'نصر'),
(16, 'بهاء الدين', 'العقيلى'),
(17, 'عبده', 'الزاجحى'),
(18, 'مجد الدين', 'ابادى'),
(19, 'احمد', 'شوقى'),
(20, 'سيد', 'قطب'),
(21, 'محمد', 'الرفاعى'),
(22, 'محمد', 'الشنقيطى'),
(23, 'ابى البقاء', 'العكبرى'),
(24, 'ابى الحسن', 'النيسابورى'),
(25, 'محمد', 'بيومى'),
(26, 'مناع', 'القطان'),
(27, 'محمد', 'الغزالى'),
(28, 'خليل', 'شيحا'),
(29, 'محى/محمد', 'الجراح/الصابونى'),
(30, 'محى الدين', 'النووى'),
(31, 'ابى زكريا', 'الدمشقى'),
(32, 'محمد/على/جمال', 'عبدالعزيز/على/ثابت'),
(33, 'ابى زكريا', 'النووى'),
(34, 'مصطفى/مصطفى/محيي/على/محمد', 'الخن/البغا/مستو/الشربجى/لطفى'),
(35, 'احمد/محمد/محمد/عبدالحميد', 'البكرى/محمد/خلف/مدكور'),
(36, 'احمد/عبدالعزيز/محمد', 'العسقلانى/باز/عبدالباقى'),
(37, '-', '-'),
(38, 'عبدالحليم', 'محمود'),
(39, 'أبى عبدالله', 'البخارى'),
(40, 'محمد', 'الالبانى'),
(41, 'ابو محمد', 'الدرامى'),
(42, 'المجتهد/محمد', 'الربانى/الشوكانى'),
(43, 'ابن رجب', 'الحنبلى'),
(44, 'زين الدين', 'البغدادى '),
(45, 'محمد', 'عبدالباقى'),
(46, 'احمد', 'بن تيمية'),
(47, 'محمد/عبدالحليم/عبدالرحمن', 'التيجانى/عبدالحليم/محمود'),
(48, 'الحافظ', 'ابن كثير'),
(49, 'خلدون', 'الاحدب'),
(50, 'مصطفى', 'الطير'),
(51, 'ابو عمرو', 'زويرى'),
(52, 'محمود ', 'الطحان'),
(53, 'محمد', 'ابو شهبة'),
(54, 'عبدالغنى', 'عبدالخالق'),
(55, 'نور الدين', 'عتر'),
(56, 'موسى', 'لاشين'),
(57, 'بدوى', 'الشيخ'),
(58, 'يوسف', 'القرضاوى'),
(59, 'عبدالمحسن', 'العباد'),
(60, 'محى', 'عطية'),
(61, 'محمد', 'قطب'),
(62, 'سليمان', 'عبدالوهاب'),
(63, 'عمر', 'الاشقر'),
(64, 'عبدالقادر', 'عطا'),
(65, 'نديم', 'الجسر'),
(66, 'محمد', 'القحطانى'),
(67, 'عبدالرحمن', 'ال الشيخ'),
(68, 'ابى الفتح', 'الشهرستانى'),
(69, 'محمد', 'البلتاجى'),
(70, 'محمد', 'الوهيبى'),
(71, 'محمد', 'بن العثيمين'),
(72, 'حسن', 'ايوب'),
(73, 'عبدالرحمن', 'الميدانى'),
(74, 'السيد', 'سابق'),
(75, 'ابى عمر', 'ندا'),
(76, 'هاشم', 'على'),
(77, 'على', 'الشبل'),
(78, 'جمعه', 'عبدالعزيز'),
(79, 'ابوبكر', 'الجزائرى'),
(80, 'عبدالله', 'الاثرى'),
(81, 'محمد', 'الحنبلى'),
(82, 'شمس الدين', 'ابن قيم الجوزية'),
(83, 'زين الدين', 'الكرى'),
(84, 'حافظ', 'الحكمى'),
(85, 'ابو الحسن', 'الهجويرى'),
(86, 'عبدالعزيز', 'الجليل'),
(87, 'ياسر', 'بورهامى'),
(88, 'علاء', 'بكر'),
(89, 'محمد', 'ياسين'),
(90, 'صالح', 'الفوزان'),
(91, 'محمد', 'بن عثيمين'),
(92, 'فهد', 'السلمان'),
(93, 'محمد', 'هراس'),
(94, 'محمد', 'عبدالوهاب'),
(95, 'الحافظ', 'بن منده'),
(96, 'حماد', 'الانصارى'),
(97, 'مبارك', 'الميلى'),
(98, 'ولى', 'شاه ز الدين'),
(99, 'وحيد', 'بالى'),
(100, 'عبدالله', 'البراك'),
(101, 'محمود', 'على'),
(102, 'على', 'الطنطاوى'),
(103, 'محمد', 'المصرى'),
(104, 'محمد', 'العلى'),
(105, 'ناصر', 'العقل'),
(106, 'بكر', 'ابو زيد'),
(107, 'عمر', 'حسنة'),
(108, 'ابى القاسم', 'النيسابورى'),
(109, 'محمود', 'عبدالرازق'),
(110, 'احسان', 'ظهير'),
(111, 'محمود', 'الالوسى'),
(112, 'احمد', 'شلبى'),
(113, 'محمد', 'ابو زهرة'),
(114, 'احمد', 'زايد'),
(115, 'زكريا', 'فايد'),
(116, 'محمد', 'الصاوى'),
(117, 'صابر', 'طعيمة'),
(118, 'صلاح', 'الصاوى'),
(119, 'عبد الله', 'ال بسام'),
(120, '', 'ابن قدامة'),
(121, 'عبدالله', 'المقدسى'),
(122, 'عبدالكريم', 'زيدان'),
(123, 'ابراهيم', 'الجمل'),
(124, 'عبدالرحمن', 'النجدى'),
(125, 'محمدمصطفى', 'عطا'),
(126, '-', 'ابن قيم الجوزية'),
(127, 'ابراهيم', 'بن ضويان'),
(128, 'محمد', 'الكحلانى'),
(129, 'محمد', 'الصنعانى'),
(130, 'حسين', 'الحسينى'),
(131, 'احمد', 'الدرويش'),
(132, 'جاد الحقجمال الدين', 'جاد الحقمحمود'),
(133, 'جاد الحقمحمدمحمدجمال الدين', 'جاد الحقمحجوبطنطاوىمحمود'),
(134, 'على', 'المهنا'),
(135, 'ابن قيم', 'الجوزية'),
(136, 'السيد', 'النازلى'),
(137, 'محمد/اسماعيل', 'الفلاتى/الانصارى'),
(138, 'محمد', 'المقدم'),
(139, 'عبدالعزيز', 'السلمان'),
(140, 'وهبه ', 'الزحيلى'),
(141, 'عبدالرحمن', 'الجزيرى'),
(142, 'محمد', 'اسماعيل'),
(143, 'السيد ', 'سابق'),
(144, 'عبدالعظيم', 'الخلفى'),
(145, 'محمد', 'الغزى'),
(146, 'ابن تيمية', '-'),
(147, 'جلال الدين', 'السيوطى'),
(148, 'عبدالعزيز', 'ابن باز'),
(149, 'محمد', 'بن سبيل'),
(150, 'ابى اسحاق', 'الشاطبى'),
(151, 'بهاء الدين', 'المقدسى'),
(152, 'احمد', 'عاشور'),
(153, 'الحافظ', 'العسقلانى'),
(154, 'محمد', 'بن سنان'),
(155, 'شمس الدين', 'الجوزية'),
(156, 'عبدالله', 'الطريقى'),
(157, 'محمد', 'ابو فارس'),
(158, 'عبدالرحمن', 'تاج'),
(159, 'محمد', 'الشعراوى'),
(160, 'صالح', 'السدلان'),
(161, 'حسنين', 'مخلوف'),
(162, 'على', 'الخطيب'),
(163, 'عبدالعزيز', 'السلمانى'),
(164, 'أكرم', 'العمرى'),
(165, '-', 'ابن هشام'),
(166, '', ''),
(167, 'محمد', 'البوطى'),
(168, 'محمد', 'الخضرى'),
(169, 'سعيد', 'حوى'),
(170, 'محمد', 'الخطيب'),
(171, 'صفى الرحمن', 'المباركفورى'),
(172, 'محمد', 'الفقى'),
(173, 'احمد', 'جمال'),
(174, 'طه', 'العفيفى'),
(175, 'عبدالرحمن', 'عائشة'),
(176, 'عمادالدين', 'بن كثير'),
(177, 'ابى الفداء', 'الدمشقى'),
(178, 'محمد', 'الكاندهلوى'),
(179, 'خالد', 'خالد'),
(180, 'عبدالحميد', 'هنداوى'),
(181, 'على', 'الصلابى'),
(182, 'عبدالرحمن', 'الباشا'),
(183, 'مصطفى ', 'الشكعة'),
(184, 'ابو الفداء', 'الدمشقى'),
(185, 'محمد', 'التميمى'),
(186, 'جلال الدين/زين الدين', 'السيوطى/المناوى'),
(187, 'انور', 'الجندى'),
(188, 'مصطفى ', 'الاعظمى'),
(189, 'حمود', 'التويجرى'),
(190, 'محمد', 'شاكر'),
(191, 'سهيل ', 'زكار'),
(192, 'يوسف', 'العش'),
(193, 'عثمان/محمد/السيد', 'الخميس/المقدم/نوح'),
(194, 'ياسين', 'العمرى'),
(195, 'محمود', 'شاكر'),
(196, 'ابى حامد', 'الغزالى'),
(197, 'احمد', 'المقدسى'),
(198, 'ابو بكر', 'الجزائرى'),
(199, 'شمس الدين', 'الذهبى'),
(200, 'جمال الدين', 'البغدادى'),
(201, 'محيى الدين', 'الشافعى'),
(202, 'ناصر', 'الزهرانى'),
(203, 'محمد', 'الجوزية'),
(204, 'ابى الفرج', 'الحنبلى'),
(205, 'عبدالله', 'المرزوى'),
(206, 'عبدالحليم', 'ابو شقة'),
(207, 'سعيد', 'صالح'),
(208, 'عبد الله', 'علوان'),
(209, 'محمد', 'سويد'),
(210, 'عبدالله', 'علوان'),
(211, 'محمد', 'مرسى'),
(212, 'عبدالرحمن', 'الكمالى'),
(213, 'محمد', 'زينو'),
(214, 'ابى ذر', 'القلمونى'),
(215, 'عائض', 'القرنى'),
(216, 'محمد', 'يعقوب'),
(217, 'عبدالرحمن', 'الشافعى'),
(218, 'فتحى', 'الجندى'),
(219, 'ابى زكريا', 'الدمياطى'),
(220, 'محمد', 'الصدر'),
(221, 'ابى عبدالله', 'المقدسى'),
(222, 'عبدالقادر', 'عودة'),
(223, 'امين', 'عبداللاه'),
(224, 'عبدالقادر', 'الارناؤوط'),
(225, 'سلمان', 'العودة'),
(226, 'رمضان', 'الغريب'),
(227, 'قطب/محمد', 'قطب/عاشور'),
(228, 'عبدالحميد', 'كشك');

-- --------------------------------------------------------

--
-- Table structure for table `book`
--

CREATE TABLE IF NOT EXISTS `book` (
  `Book_ID` int(11) NOT NULL AUTO_INCREMENT,
  `Call_no` int(11) NOT NULL,
  `Title` varchar(100) COLLATE utf8_unicode_ci NOT NULL,
  `Alt_Title` varchar(100) COLLATE utf8_unicode_ci NOT NULL,
  `Author_Fname` varchar(100) COLLATE utf8_unicode_ci NOT NULL,
  `Author_Lname` varchar(100) COLLATE utf8_unicode_ci NOT NULL,
  `Publisher` varchar(100) COLLATE utf8_unicode_ci NOT NULL,
  `Publication_date` varchar(20) COLLATE utf8_unicode_ci NOT NULL,
  `Edition` varchar(20) COLLATE utf8_unicode_ci NOT NULL,
  `Category` varchar(20) COLLATE utf8_unicode_ci NOT NULL,
  `Format` varchar(20) COLLATE utf8_unicode_ci NOT NULL,
  `Language` varchar(10) COLLATE utf8_unicode_ci NOT NULL,
  `Comments` varchar(100) COLLATE utf8_unicode_ci NOT NULL,
  `ISBN` varchar(20) COLLATE utf8_unicode_ci NOT NULL,
  `Author_ID` int(11) NOT NULL COMMENT 'Foreign key from Author table',
  `Publisher_ID` int(11) NOT NULL COMMENT 'Foreign key from Publisher table',
  `Category_ID` int(11) NOT NULL COMMENT 'Foreign key from Category table',
  `Language_ID` int(11) NOT NULL COMMENT 'Foreign key from Language table',
  PRIMARY KEY (`Book_ID`)
) ENGINE=MyISAM  DEFAULT CHARSET=utf8 COLLATE=utf8_unicode_ci COMMENT='Book table contains book items' AUTO_INCREMENT=762 ;

--
-- Dumping data for table `book`
--

INSERT INTO `book` (`Book_ID`, `Call_no`, `Title`, `Alt_Title`, `Author_Fname`, `Author_Lname`, `Publisher`, `Publication_date`, `Edition`, `Category`, `Format`, `Language`, `Comments`, `ISBN`, `Author_ID`, `Publisher_ID`, `Category_ID`, `Language_ID`) VALUES
(1, 11, 'Tafseer AL-Qur''an AL-Azeem', 'تفسير القران العظيم', 'ابو الفدا', 'الدمشقى', 'Darrulfekr Al-Arabi', '-', '-', 'Quran', 'B', 'A', 'Volume 1', '-', 1, 108, 1, 1),
(2, 11, 'Tafseer AL-Qur''an AL-Azeem', 'تفسير القران العظيم', 'ابو الفدا', 'الدمشقى', 'Darrulmarefah', '-', '-', 'Quran', 'B', 'A', 'Volume 2', '-', 1, 132, 1, 1),
(3, 11, 'Tafseer AL-Qur''an AL-Azeem', 'تفسير القران العظيم', 'ابو الفدا', 'الدمشقى', 'Darrulmarefah', '1969/1388 H', '-', 'Quran', 'B', 'A', 'Volume 3', '-', 1, 132, 1, 1),
(4, 11, 'Tafseer AL-Qur''an AL-Azeem', 'تفسير القران العظيم', 'ابو الفدا', 'الدمشقى', 'Darrulmarefah', '1969/1388 H', '-', 'Quran', 'B', 'A', 'Volume 4', '-', 1, 132, 1, 1),
(5, 11, 'Tafseer AL-Qur''an AL-Azeem', 'تفسير القران العظيم', 'ابو الفدا', 'الدمشقى', 'Darrultourath', '-', '-', 'Quran', 'B', 'A', 'Volume 1', '-', 1, 157, 1, 1),
(6, 11, 'Tafseer AL-Qur''an AL-Azeem', 'تفسير القران العظيم', 'ابو الفدا', 'الدمشقى', 'Darrultourath', '-', '-', 'Quran', 'B', 'A', 'Volume 2', '-', 1, 157, 1, 1),
(7, 11, 'Tafseer AL-Qur''an AL-Azeem', 'تفسير القران العظيم', 'ابو الفدا', 'الدمشقى', 'Darrultourath', '-', '-', 'Quran', 'B', 'A', 'Volume 3', '-', 1, 157, 1, 1),
(8, 11, 'Tafseer AL-Qur''an AL-Azeem', 'تفسير القران العظيم', 'ابو الفدا', 'الدمشقى', 'Darrultourath', '-', '-', 'Quran', 'B', 'A', 'Volume 4', '-', 1, 157, 1, 1),
(9, 11, 'Tafseer AL-Qur''an AL-Azeem', 'تفسير القران العظيم', 'ابو الفدا', 'الدمشقى', 'Darrulqalam', '-', '2', 'Quran', 'B', 'A', 'Volume 1', '-', 1, 138, 1, 1),
(10, 11, 'Tafseer AL-Qur''an AL-Azeem', 'تفسير القران العظيم', 'ابو الفدا', 'الدمشقى', 'Darrulqalam', '-', '2', 'Quran', 'B', 'A', 'Volume 2', '-', 1, 138, 1, 1),
(11, 11, 'Tafseer AL-Qur''an AL-Azeem', 'تفسير القران العظيم', 'ابو الفدا', 'الدمشقى', 'Darrulqalam', '-', '2', 'Quran', 'B', 'A', 'Volume 3', '-', 1, 138, 1, 1),
(12, 11, 'Tafseer AL-Qur''an AL-Azeem', 'تفسير القران العظيم', 'ابو الفدا', 'الدمشقى', 'Darrulqalam', '-', '2', 'Quran', 'B', 'A', 'Volume 4', '-', 1, 138, 1, 1),
(13, 11, 'Tafseer AL-Qur''an AL-Azeem', 'تفسير القران العظيم', 'ابو الفدا', 'الدمشقى', 'Maktabet Al-Manaar', '1999/1420 H', '5', 'Quran', 'B', 'A', 'Volume 1', '-', 1, 192, 1, 1),
(14, 11, 'Tafseer AL-Qur''an AL-Azeem', 'تفسير القران العظيم', 'ابو الفدا', 'الدمشقى', 'Maktabet Al-Manaar', '1999/1420 H', '5', 'Quran', 'B', 'A', 'Volume 2', '-', 1, 192, 1, 1),
(15, 11, 'Tafseer AL-Qur''an AL-Azeem', 'تفسير القران العظيم', 'ابو الفدا', 'الدمشقى', 'Maktabet Al-Manaar', '1999/1420 H', '5', 'Quran', 'B', 'A', 'Volume 3', '-', 1, 192, 1, 1),
(16, 11, 'Tafseer AL-Qur''an AL-Azeem', 'تفسير القران العظيم', 'ابو الفدا', 'الدمشقى', 'Maktabet Al-Manaar', '1999/1420 H', '5', 'Quran', 'B', 'A', 'Volume 4', '-', 1, 192, 1, 1),
(17, 11, 'Mokhtasar Tafseer Al-Tabri', 'مختصر تفسير الطبرى', 'ابى جعفر', 'الطبرى', 'Alam Al-Kutub', '1993/1413 H', '2', 'Quran', 'B', 'A', 'Volume 1', '-', 2, 42, 1, 1),
(18, 11, 'Mokhtasar Tafseer Al-Tabri', 'مختصر تفسير الطبرى', 'ابى جعفر', 'الطبرى', 'Alam Al-Kutub', '1993/1413 H', '2', 'Quran', 'B', 'A', 'Volume 2', '-', 2, 42, 1, 1),
(19, 11, 'Tafseer Al-Jalaaleen', 'تفسير الجلالين', 'محمد', 'السيوطى', 'Darrulmarefah', '-', '-', 'Quran', 'B', 'A', '-', '-', 3, 132, 1, 1),
(20, 11, 'Mokhtasar Tafseer Al-Tabri', 'مختصر تفسير الطبرى', 'ابى يحيى', 'التجيبنى', '-', '1991/1412 H', '2', 'Quran', 'B', 'A', '-', '-', 4, 227, 1, 1),
(21, 12, 'Zoubat Al-Tafaaseer men Fath Al-Qadeer', 'زبدة التفاسير من فتح القدير', 'محمد', 'الاشقر', '-', '-', '-', 'Quran', 'B', 'A', '-', '-', 5, 227, 1, 1),
(22, 12, 'Fath Al-Qadeer', 'فتح القدير', 'محمد', 'الشوكانى', 'Darrulkhair', '1992/1413 H', '1', 'Quran', 'B', 'A', 'Volume 1', '-', 6, 122, 1, 1),
(23, 12, 'Fath Al-Qadeer', 'فتح القدير', 'محمد', 'الشوكانى', 'Darrulkhair', '1992/1413 H', '1', 'Quran', 'B', 'A', 'Volume 2', '-', 6, 122, 1, 1),
(24, 12, 'Fath Al-Qadeer', 'فتح القدير', 'محمد', 'الشوكانى', 'Darrulkhair', '1992/1413 H', '1', 'Quran', 'B', 'A', 'Volume 3', '-', 6, 122, 1, 1),
(25, 12, 'Fath Al-Qadeer', 'فتح القدير', 'محمد', 'الشوكانى', 'Darrulkhair', '1992/1413 H', '1', 'Quran', 'B', 'A', 'Volume 4', '-', 6, 122, 1, 1),
(26, 12, 'Fath Al-Qadeer', 'فتح القدير', 'محمد', 'الشوكانى', 'Darrulkhair', '1992/1413 H', '1', 'Quran', 'B', 'A', 'Volume 5', '-', 6, 122, 1, 1),
(27, 12, 'Al-Noukat walouyoun-Tafseer Al-Maawardi', 'النكت والعيون-تفسير الماوردى', 'ابى الحسن', 'البصرى', 'Wezaraat Al-Awqaaf Lilsh''oun Al-Islaamiah', '1982/1402 H', '1', 'Quran', 'B', 'A', 'Volume 1', '-', 7, 226, 1, 1),
(28, 12, 'Al-Noukat walouyoun-Tafseer Al-Maawardi', 'النكت والعيون-تفسير الماوردى', 'ابى الحسن', 'البصرى', 'Wezaraat Al-Awqaaf Lilsh''oun Al-Islaamiah', '1982/1402 H', '1', 'Quran', 'B', 'A', 'Volume 2', '-', 7, 226, 1, 1),
(29, 12, 'Al-Noukat walouyoun-Tafseer Al-Maawardi', 'النكت والعيون-تفسير الماوردى', 'ابى الحسن', 'البصرى', 'Wezaraat Al-Awqaaf Lilsh''oun Al-Islaamiah', '1982/1402 H', '1', 'Quran', 'B', 'A', 'Volume 3', '-', 7, 226, 1, 1),
(30, 12, 'Al-Noukat walouyoun-Tafseer Al-Maawardi', 'النكت والعيون-تفسير الماوردى', 'ابى الحسن', 'البصرى', 'Wezaraat Al-Awqaaf Lilsh''oun Al-Islaamiah', '1982/1402 H', '1', 'Quran', 'B', 'A', 'Volume 4', '-', 7, 226, 1, 1),
(31, 12, 'Tafseer Al-Maraki', 'تفسير المراغى', 'احمد', 'المراغى', 'Darrulfekr', '-', '-', 'Quran', 'B', 'A', 'Volume 2', '-', 8, 107, 1, 1),
(32, 12, 'Tafseer Al-Maraki', 'تفسير المراغى', 'احمد', 'المراغى', 'Darrulfekr', '1974/1394 H', '3', 'Quran', 'B', 'A', 'Volume 3', '-', 8, 107, 1, 1),
(33, 12, 'Tafseer Al-Maraki', 'تفسير المراغى', 'احمد', 'المراغى', 'Darrulfekr', '-', '-', 'Quran', 'B', 'A', 'Volume 4', '-', 8, 107, 1, 1),
(34, 12, 'Tafseer Al-Maraki', 'تفسير المراغى', 'احمد', 'المراغى', 'Darrulfekr', '-', '-', 'Quran', 'B', 'A', 'Volume 5', '-', 8, 107, 1, 1),
(35, 12, 'Tafseer Al-Maraki', 'تفسير المراغى', 'احمد', 'المراغى', 'Darrulfekr', '-', '-', 'Quran', 'B', 'A', 'Volume 6', '-', 8, 107, 1, 1),
(36, 12, 'Tafseer Al-Maraki', 'تفسير المراغى', 'احمد', 'المراغى', 'Darrulfekr', '1974/1394 H', '3', 'Quran', 'B', 'A', 'Volume 7', '-', 8, 107, 1, 1),
(37, 12, 'Tafseer Al-Maraki', 'تفسير المراغى', 'احمد', 'المراغى', 'Darrulfekr', '-', '-', 'Quran', 'B', 'A', 'Volume 8', '-', 8, 107, 1, 1),
(38, 12, 'Tafseer Al-Maraki', 'تفسير المراغى', 'احمد', 'المراغى', 'Darrulfekr', '-', '-', 'Quran', 'B', 'A', 'Volume 9', '-', 8, 107, 1, 1),
(39, 12, 'Tafseer Al-Maraki', 'تفسير المراغى', 'احمد', 'المراغى', 'Darrulfekr', '-', '-', 'Quran', 'B', 'A', 'Volume 10', '-', 8, 107, 1, 1),
(40, 13, 'Al-Tafseer walmofaseroun', 'التفسير والمفسرون', 'محمد', 'الذهبى', 'Maktabet Wahba', '1985/1405 H', '3', 'Quran', 'B', 'A', 'Volume 1', '977-307-041-7', 9, 207, 1, 1),
(41, 13, 'Al-Tafseer walmofaseroun', 'التفسير والمفسرون', 'محمد', 'الذهبى', 'Maktabet Wahba', '1985/1405 H', '3', 'Quran', 'B', 'A', 'Volume 2', '977-307-041-7', 9, 207, 1, 1),
(42, 13, 'Al-Tafseer walmofaseroun', 'التفسير والمفسرون', 'محمد', 'الذهبى', 'Darrularqam', '-', '-', 'Quran', 'B', 'A', 'Volume 1', '-', 9, 95, 1, 1),
(43, 13, 'Al-Tafseer walmofaseroun', 'التفسير والمفسرون', 'محمد', 'الذهبى', 'Darrularqam', '-', '-', 'Quran', 'B', 'A', 'Volume 2', '-', 9, 95, 1, 1),
(44, 13, 'Al-Tafseer walmofaseroun', 'التفسير والمفسرون', 'محمد', 'الذهبى', 'Darrularqam', '-', '-', 'Quran', 'B', 'A', 'Volume 3', '-', 9, 95, 1, 1),
(45, 13, 'Taeseer Al-Kareem Al-Rahman fe Tafseer Kalaam Al-Mannan', 'تيسير الكريم الرحمن فى تفسير كلام المنان', 'عبدالرحمن', 'السعدى', 'Mou''asaset Al-Resaalah', '1998/1418 H', '9', 'Quran', 'B', 'A', '-', '-', 10, 216, 1, 1),
(46, 13, 'Taeseer Al-Kareem Al-Rahman fe Tafseer Kalaam Al-Mannan', 'تيسير الكريم الرحمن فى تفسير كلام المنان', 'عبدالرحمن', 'السعدى', 'Mou''asaset Al-Resaalah', '2001/1422 H', '1', 'Quran', 'B', 'A', '-', '-', 10, 216, 1, 1),
(47, 13, 'Tafseer Ayaat Al-Ahkaam', 'تفسير ايات الاحكام', 'محمد', 'الصابونى', 'Darrultourath', '-', '-', 'Quran', 'B', 'A', 'Volume 1', '-', 11, 157, 1, 1),
(48, 13, 'Al-Moujam Al-Moufahras Lialfaath Al-Qur''an Al-Kareem', 'المعجم المفهرس لالفاظ القران الكريم', 'محمد', 'الباقى', 'Darrulhadith', '-', '-', 'Quran', 'B', 'A', '-', '-', 12, 113, 1, 1),
(49, 13, 'Al-Moujam Al-Moufahras Lialfaath Al-Qur''an Al-Kareem', 'المعجم المفهرس لالفاظ القران الكريم', 'محمد', 'الباقى', 'Darrulhadith', '-', '-', 'Quran', 'B', 'A', '-', '-', 12, 113, 1, 1),
(50, 13, 'Al-Moujam Al-Moufahras Lialfaath Al-Qur''an Al-Kareem', 'المعجم المفهرس لالفاظ القران الكريم', 'محمد', 'الباقى', 'Al-Maktabah Al-Islaamiah', '1982', '-', 'Quran', 'B', 'A', '-', '-', 12, 27, 1, 1),
(51, 13, 'Al-Etqaan fe Ouloum Al-Qur''an', 'الاتقان فى علوم القران', 'ابى الفضل', 'السيوطى', 'Darrulkutub Al-Elmeeah', '1995/1415 H', '3', 'Quran', 'B', 'A', 'Volume 1', '-', 13, 126, 1, 1),
(52, 13, 'Al-Etqaan fe Ouloum Al-Qur''an', 'الاتقان فى علوم القران', 'ابى الفضل', 'السيوطى', 'Darrulkutub Al-Elmeeah', '1995/1415 H', '3', 'Quran', 'B', 'A', 'Volume 2', '-', 13, 126, 1, 1),
(53, 13, 'Al-Etqaan fe Ouloum Al-Qur''an', 'الاتقان فى علوم القران', 'ابى الفضل', 'السيوطى', 'Darrulketab Al-Arabi', '1999/1419 H', '1', 'Quran', 'B', 'A', 'Volume 1', '-', 13, 119, 1, 1),
(54, 13, 'Al-Etqaan fe Ouloum Al-Qur''an', 'الاتقان فى علوم القران', 'ابى الفضل', 'السيوطى', 'Darrulketab Al-Arabi', '1999/1419 H', '1', 'Quran', 'B', 'A', 'Volume 2', '-', 13, 119, 1, 1),
(55, 13, 'Boukyat Ebad Al-Rahman Litahqeeq Tajweed Al-Qur''an', 'بغية عباد الرحمن  لتحقيق تجويد القران', 'محمد', 'الغول', 'Dar Ibn Al-Qyiam, Dar Ibn Afaan', '2002/1423 H', '8', 'Quran', 'B', 'A', '-', '-', 14, 73, 1, 1),
(56, 13, 'Gaayiat Al-Moured fe Elm Al-Tajweed', 'غاية المريد فى علم التجويد', 'عطية', 'نصر', '-', '2000/1920 H', '6', 'Quran', 'B', 'A', '-', '977-00-3365-0', 15, 227, 1, 1),
(57, 13, 'Gaayiat Al-Moured fe Elm Al-Tajweed', 'غاية المريد فى علم التجويد', 'عطية', 'نصر', '-', '2000/1920 H', '6', 'Quran', 'B', 'A', '-', '977-00-3365-0', 15, 227, 1, 1),
(58, 13, 'Sharh Ibn Ouqeel', 'شرح ابن عقيل', 'بهاء الدين', 'العقيلى', 'Al-Maktabah Al-Asreiah', '1998/1419 H', '-', 'Arabic Language', 'B', 'A', 'Volume 1', '-', 16, 24, 0, 1),
(59, 13, 'Al-Tatbeeq Al-Nnahawi', 'التطبيق النحوى', 'عبده', 'الزاجحى', 'Darrulnahdah Al-Arabiah', '1998/1408 H', '-', 'Arabic Language', 'B', 'A', '-', '-', 17, 135, 0, 1),
(60, 13, 'Al-Qamous Al-Mouheet', 'القاموس المحيط', 'مجد الدين', 'ابادى', 'Al-Resaalah', '1998/1419 H', '6', 'Arabic Language', 'B', 'A', '-', '-', 18, 40, 0, 1),
(61, 13, 'Al-Shawqyaat', 'الشوقيات', 'احمد', 'شوقى', 'Darrulkutub Al-Elmeeah', '-', '-', 'Peom', 'B', 'A', 'Volume 1,2', '-', 19, 126, 0, 1),
(62, 13, 'Al-Shawqyaat', 'الشوقيات', 'احمد', 'شوقى', 'Darrulkutub Al-Elmeeah', '-', '-', 'Peom', 'B', 'A', 'Volume 3,4', '-', 19, 126, 0, 1),
(63, 21, 'Fe Thelaal Al-Qur''an', 'فى ظلال القران', 'سيد', 'قطب', 'Darrulshouroq', '2004/1425 H', '34', 'Quran', 'B', 'A', 'Volume 1', '', 20, 152, 1, 1),
(64, 21, 'Fe Thelaal Al-Qur''an', 'فى ظلال القران', 'سيد', 'قطب', 'Darrulshouroq', '2004/1425 H', '34', 'Quran', 'B', 'A', 'Volume 2', '', 20, 152, 1, 1),
(65, 21, 'Fe Thelaal Al-Qur''an', 'فى ظلال القران', 'سيد', 'قطب', 'Darrulshouroq', '2004/1425 H', '34', 'Quran', 'B', 'A', 'Volume 3', '', 20, 152, 1, 1),
(66, 21, 'Fe Thelaal Al-Qur''an', 'فى ظلال القران', 'سيد', 'قطب', 'Darrulshouroq', '2004/1425 H', '34', 'Quran', 'B', 'A', 'Volume 4', '', 20, 152, 1, 1),
(67, 21, 'Fe Thelaal Al-Qur''an', 'فى ظلال القران', 'سيد', 'قطب', 'Darrulshouroq', '2004/1425 H', '34', 'Quran', 'B', 'A', 'Volume 5', '', 20, 152, 1, 1),
(68, 21, 'Fe Thelaal Al-Qur''an', 'فى ظلال القران', 'سيد', 'قطب', 'Darrulshouroq', '2004/1425 H', '34', 'Quran', 'B', 'A', 'Volume 6', '', 20, 152, 1, 1),
(69, 21, 'Fe Thelaal Al-Qur''an', 'فى ظلال القران', 'سيد', 'قطب', 'Darrulshouroq', '1977/1397 H', '3', 'Quran', 'B', 'A', 'Volume 2', '', 20, 152, 1, 1),
(70, 21, 'Fe Thelaal Al-Qur''an', 'فى ظلال القران', 'سيد', 'قطب', 'Darrulshouroq', '1978/1398 H', '6', 'Quran', 'B', 'A', 'Volume 3', '', 20, 152, 1, 1),
(71, 21, 'Fe Thelaal Al-Qur''an', 'فى ظلال القران', 'سيد', 'قطب', 'Darrulshouroq', '1978/1398 H', '6', 'Quran', 'B', 'A', 'Volume 4', '', 20, 152, 1, 1),
(72, 21, 'Fe Thelaal Al-Qur''an', 'فى ظلال القران', 'سيد', 'قطب', 'Darrulshouroq', '1978/1398 H', '6', 'Quran', 'B', 'A', 'Volume 5', '', 20, 152, 1, 1),
(73, 21, 'Fe Thelaal Al-Qur''an', 'فى ظلال القران', 'سيد', 'قطب', 'Darrulshouroq', '1981/1401 H', '10', 'Quran', 'B', 'A', 'Volume 5', '', 20, 152, 1, 1),
(74, 21, 'Fe Thelaal Al-Qur''an', 'فى ظلال القران', 'سيد', 'قطب', 'Darrulshouroq', '1977/1397 H', '3', 'Quran', 'B', 'A', 'Volume 6', '', 20, 152, 1, 1),
(75, 21, 'Fe Thelaal Al-Qur''an', 'فى ظلال القران', 'سيد', 'قطب', 'Darrulshouroq', '1982/1402 H', '10', 'Quran', 'B', 'A', 'Volume 2', '', 20, 152, 1, 1),
(76, 21, 'Fe Thelaal Al-Qur''an', 'فى ظلال القران', 'سيد', 'قطب', 'Darrulshouroq', '1982/1402 H', '10', 'Quran', 'B', 'A', 'Volume 3', '', 20, 152, 1, 1),
(77, 21, 'Fe Thelaal Al-Qur''an', 'فى ظلال القران', 'سيد', 'قطب', 'Darrulshouroq', '1982/1402 H', '10', 'Quran', 'B', 'A', 'Volume 4', '', 20, 152, 1, 1),
(78, 21, 'Fe Thelaal Al-Qur''an', 'فى ظلال القران', 'سيد', 'قطب', 'Darrulshouroq', '1982/1402 H', '10', 'Quran', 'B', 'A', 'Volume 5', '', 20, 152, 1, 1),
(79, 21, 'Fe Thelaal Al-Qur''an', 'فى ظلال القران', 'سيد', 'قطب', 'Darrulshouroq', '1982/1402 H', '10', 'Quran', 'B', 'A', 'Volume 6', '', 20, 152, 1, 1),
(80, 22, 'Fe Thelaal Al-Qur''an', 'فى ظلال القران', 'سيد', 'قطب', 'Darrulshouroq', '1982/1402 H', '10', 'Quran', 'B', 'A', 'Volume 2', '', 20, 152, 1, 1),
(81, 22, 'Fe Thelaal Al-Qur''an', 'فى ظلال القران', 'سيد', 'قطب', 'Darrulshouroq', '1982/1402 H', '10', 'Quran', 'B', 'A', 'Volume 3', '', 20, 152, 1, 1),
(82, 22, 'Fe Thelaal Al-Qur''an', 'فى ظلال القران', 'سيد', 'قطب', 'Darrulelam', '1986/1406 H', '12', 'Quran', 'B', 'A', 'Volume 1', '', 20, 102, 1, 1),
(83, 22, 'Fe Thelaal Al-Qur''an', 'فى ظلال القران', 'سيد', 'قطب', 'Darrulelam', '1986/1406 H', '12', 'Quran', 'B', 'A', 'Volume 3', '', 20, 102, 1, 1),
(84, 22, 'Fe Thelaal Al-Qur''an', 'فى ظلال القران', 'سيد', 'قطب', 'Darrulelam', '1986/1406 H', '12', 'Quran', 'B', 'A', 'Volume 4', '', 20, 102, 1, 1),
(85, 22, 'Fe Thelaal Al-Qur''an', 'فى ظلال القران', 'سيد', 'قطب', 'Darrulelam', '1986/1406 H', '12', 'Quran', 'B', 'A', 'Volume 5', '', 20, 102, 1, 1),
(86, 22, 'Fe Thelaal Al-Qur''an', 'فى ظلال القران', 'سيد', 'قطب', 'Darrulshouroq', '1980/1400 H', '9', 'Quran', 'B', 'A', 'Volume 2', '', 20, 152, 1, 1),
(87, 22, 'Fe Thelaal Al-Qur''an', 'فى ظلال القران', 'سيد', 'قطب', 'Darrulshouroq', '1980/1400 H', '9', 'Quran', 'B', 'A', 'Volume 3', '', 20, 152, 1, 1),
(88, 22, 'Fe Thelaal Al-Qur''an', 'فى ظلال القران', 'سيد', 'قطب', 'Darrulshouroq', '1981/1401 H', '10', 'Quran', 'B', 'A', 'Volume 4', '', 20, 152, 1, 1),
(89, 22, 'Fe Thelaal Al-Qur''an', 'فى ظلال القران', 'سيد', 'قطب', 'Darrulshouroq', '1981/1401 H', '10', 'Quran', 'B', 'A', 'Volume 5', '', 20, 152, 1, 1),
(90, 22, 'Mokhtasar Tafseer Ibn Katheer', 'مختصر تفسير ابن كثير', 'محمد', 'الصابونى', 'Darrulqura''n Al-Kareem', '1400 H', '5', 'Quran', 'B', 'A', 'Volume 1', '', 11, 139, 1, 1),
(91, 22, 'Mokhtasar Tafseer Ibn Katheer', 'مختصر تفسير ابن كثير', 'محمد', 'الصابونى', 'Darrulqura''n Al-Kareem', '1400 H', '5', 'Quran', 'B', 'A', 'Volume 2', '', 11, 139, 1, 1),
(92, 22, 'Mokhtasar Tafseer Ibn Katheer', 'مختصر تفسير ابن كثير', 'محمد', 'الصابونى', 'Darrulqura''n Al-Kareem', '1400 H', '5', 'Quran', 'B', 'A', 'Volume 3', '', 11, 139, 1, 1),
(93, 22, 'Mokhtasar Tafseer Ibn Katheer', 'مختصر تفسير ابن كثير', 'محمد', 'الصابونى', 'Darrulqura''n Al-Kareem', '1400 H', '5', 'Quran', 'B', 'A', 'Volume 1', '', 11, 139, 1, 1),
(94, 22, 'Mokhtasar Tafseer Ibn Katheer', 'مختصر تفسير ابن كثير', 'محمد', 'الصابونى', 'Darrulqura''n Al-Kareem', '1400 H', '5', 'Quran', 'B', 'A', 'Volume 2', '', 11, 139, 1, 1),
(95, 22, 'Mokhtasar Tafseer Ibn Katheer', 'مختصر تفسير ابن كثير', 'محمد', 'الصابونى', 'Darrulqura''n Al-Kareem', '1400 H', '5', 'Quran', 'B', 'A', 'Volume 3', '', 11, 139, 1, 1),
(96, 22, 'Mokhtasar Tafseer Ibn Katheer', 'مختصر تفسير ابن كثير', 'محمد', 'الصابونى', 'Darrulqura''n Al-Kareem', '1400 H', '5', 'Quran', 'B', 'A', 'Volume 1', '', 11, 139, 1, 1),
(97, 22, 'Mokhtasar Tafseer Ibn Katheer', 'مختصر تفسير ابن كثير', 'محمد', 'الصابونى', 'Darrulqura''n Al-Kareem', '1981/1402 H', '7', 'Quran', 'B', 'A', 'Volume 2', '', 11, 139, 1, 1),
(98, 22, 'Mokhtasar Tafseer Ibn Katheer', 'مختصر تفسير ابن كثير', 'محمد', 'الصابونى', 'Darrulqura''n Al-Kareem', '1981/1402 H', '7', 'Quran', 'B', 'A', 'Volume 3', '', 11, 139, 1, 1),
(99, 23, 'Mokhtasar Tafseer Ibn Katheer', 'مختصر تفسير ابن كثير', 'محمد', 'الصابونى', 'Darrulqura''n Al-Kareem', '1981/1402 H', '7', 'Quran', 'B', 'A', 'Volume 3', '', 11, 139, 1, 1),
(100, 23, 'Mokhtasar Tafseer Ibn Katheer', 'مختصر تفسير ابن كثير', 'محمد', 'الصابونى', 'Al-Faisaliah', '-', '-', 'Quran', 'B', 'A', 'Volume 1', '', 11, 9, 1, 1),
(101, 23, 'Mokhtasar Tafseer Ibn Katheer', 'مختصر تفسير ابن كثير', 'محمد', 'الصابونى', 'Al-Faisaliah', '-', '-', 'Quran', 'B', 'A', 'Volume 3', '', 11, 9, 1, 1),
(102, 23, 'Mokhtasar Tafseer Ibn Katheer', 'مختصر تفسير ابن كثير', 'محمد', 'الصابونى', 'Darrulqura''n Al-Kareem', '1981/1402 H', '8', 'Quran', 'B', 'A', 'Volume 1', '', 11, 139, 1, 1),
(103, 23, 'Mokhtasar Tafseer Ibn Katheer', 'مختصر تفسير ابن كثير', 'محمد', 'الصابونى', 'Darrulqura''n Al-Kareem', '1981/1402 H', '8', 'Quran', 'B', 'A', 'Volume 2', '', 11, 139, 1, 1),
(104, 23, 'Mokhtasar Tafseer Ibn Katheer', 'مختصر تفسير ابن كثير', 'محمد', 'الصابونى', 'Darrulqura''n Al-Kareem', '1981/1402 H', '8', 'Quran', 'B', 'A', 'Volume 3', '', 11, 139, 1, 1),
(105, 23, 'Mokhtasar Tafseer Ibn Katheer', 'مختصر تفسير ابن كثير', 'محمد', 'الصابونى', 'Darrulqura''n Al-Kareem', '1981/1402 H', '8', 'Quran', 'B', 'A', 'Volume 1', '', 11, 139, 1, 1),
(106, 23, 'Mokhtasar Tafseer Ibn Katheer', 'مختصر تفسير ابن كثير', 'محمد', 'الصابونى', 'Darrulqura''n Al-Kareem', '1981/1402 H', '8', 'Quran', 'B', 'A', 'Volume 2', '', 11, 139, 1, 1),
(107, 23, 'Mokhtasar Tafseer Ibn Katheer', 'مختصر تفسير ابن كثير', 'محمد', 'الصابونى', 'Darrulqura''n Al-Kareem', '1981/1402 H', '8', 'Quran', 'B', 'A', 'Volume 3', '', 11, 139, 1, 1),
(108, 23, 'Mokhtasar Tafseer Ibn Katheer', 'مختصر تفسير ابن كثير', 'محمد', 'الصابونى', 'Darrulsabouni', '1988', '-', 'Quran', 'B', 'A', 'Volume 1', '977-292-017-4', 11, 148, 1, 1),
(109, 23, 'Mokhtasar Tafseer Ibn Katheer', 'مختصر تفسير ابن كثير', 'محمد', 'الصابونى', 'Darrulsabouni', '1988', '7', 'Quran', 'B', 'A', 'Volume 2', '977-292-017-4', 11, 148, 1, 1),
(110, 23, 'Mokhtasar Tafseer Ibn Katheer', 'مختصر تفسير ابن كثير', 'محمد', 'الصابونى', 'Darrulsabouni', '1988', '-', 'Quran', 'B', 'A', 'Volume 3', '977-292-017-4', 11, 148, 1, 1),
(111, 23, 'Taeseer Al-Ali Al-Qadeer Likhtesaar Tafseer Ibn Katheer', 'تيسير العلى القدير لاختصار تفسير ابن كثير', 'محمد', 'الرفاعى', 'Maktabet Al-Maareef', '1989/1410 H', '-', 'Quran', 'B', 'A', 'Volume 1', '-', 21, 188, 1, 1),
(112, 23, 'Taeseer Al-Ali Al-Qadeer Likhtesaar Tafseer Ibn Katheer', 'تيسير العلى القدير لاختصار تفسير ابن كثير', 'محمد', 'الرفاعى', 'Maktabet Al-Maareef', '1989/1410 H', '-', 'Quran', 'B', 'A', 'Volume 2', '-', 21, 188, 1, 1),
(113, 23, 'Taeseer Al-Ali Al-Qadeer Likhtesaar Tafseer Ibn Katheer', 'تيسير العلى القدير لاختصار تفسير ابن كثير', 'محمد', 'الرفاعى', 'Maktabet Al-Maareef', '1989/1410 H', '-', 'Quran', 'B', 'A', 'Volume 3', '-', 21, 188, 1, 1),
(114, 23, 'Taeseer Al-Ali Al-Qadeer Likhtesaar Tafseer Ibn Katheer', 'تيسير العلى القدير لاختصار تفسير ابن كثير', 'محمد', 'الرفاعى', 'Maktabet Al-Maareef', '1989/1410 H', '-', 'Quran', 'B', 'A', 'Volume 4', '-', 21, 188, 1, 1),
(115, 24, 'Shafwat Al-Tafaaseer', 'صفوة التفاسير', 'محمد', 'الصابونى', 'Darrulqura''n Al-Kareem', '1985/1405 H', '6', 'Quran', 'B', 'A', 'Volume 1', '-', 11, 139, 1, 1),
(116, 24, 'Shafwat Al-Tafaaseer', 'صفوة التفاسير', 'محمد', 'الصابونى', 'Darrulqura''n Al-Kareem', '1985/1405 H', '6', 'Quran', 'B', 'A', 'Volume 2', '-', 11, 139, 1, 1),
(117, 24, 'Shafwat Al-Tafaaseer', 'صفوة التفاسير', 'محمد', 'الصابونى', 'Darrulqura''n Al-Kareem', '1981/1402 H', '4', 'Quran', 'B', 'A', 'Volume 3', '-', 11, 139, 1, 1),
(118, 24, 'Shafwat Al-Tafaaseer', 'صفوة التفاسير', 'محمد', 'الصابونى', 'Darrulqura''n Al-Kareem', '1981/1402 H', '3', 'Quran', 'B', 'A', 'Volume 3', '-', 11, 139, 1, 1),
(119, 24, 'Shafwat Al-Tafaaseer', 'صفوة التفاسير', 'محمد', 'الصابونى', 'Darrulsabouni', '-', '-', 'Quran', 'B', 'A', '-', '977-11-0214-1', 11, 148, 1, 1),
(120, 24, 'Shafwat Al-Tafaaseer', 'صفوة التفاسير', 'محمد', 'الصابونى', 'Darrulsabouni', '-', '-', 'Quran', 'B', 'A', '-', '977-11-0214-1', 11, 148, 1, 1),
(121, 24, 'Adwaa'' Al-Bayaan fe Edaah Al-Qura''n Bel-Qura''n', 'اضواء البيان فى ايضاح القران بالقران', 'محمد', 'الشنقيطى', 'Al-Mataaba Al-Ahliah liloufset', '1983/1403 H', '-', 'Quran', 'B', 'A', 'Volume 3', '-', 22, 30, 1, 1),
(122, 24, 'Adwaa'' Al-Bayaan fe Edaah Al-Qura''n Bel-Qura''n', 'اضواء البيان فى ايضاح القران بالقران', 'محمد', 'الشنقيطى', 'Al-Mataaba Al-Ahliah liloufset', '1983/1403 H', '-', 'Quran', 'B', 'A', 'Volume 4', '-', 22, 30, 1, 1),
(123, 24, 'Adwaa'' Al-Bayaan fe Edaah Al-Qura''n Bel-Qura''n', 'اضواء البيان فى ايضاح القران بالقران', 'محمد', 'الشنقيطى', 'Al-Mataaba Al-Ahliah liloufset', '1983/1403 H', '-', 'Quran', 'B', 'A', 'Volume 5', '-', 22, 30, 1, 1),
(124, 24, 'Adwaa'' Al-Bayaan fe Edaah Al-Qura''n Bel-Qura''n', 'اضواء البيان فى ايضاح القران بالقران', 'محمد', 'الشنقيطى', 'Al-Mataaba Al-Ahliah liloufset', '1983/1403 H', '-', 'Quran', 'B', 'A', 'Volume 6', '-', 22, 30, 1, 1),
(125, 24, 'Adwaa'' Al-Bayaan fe Edaah Al-Qura''n Bel-Qura''n', 'اضواء البيان فى ايضاح القران بالقران', 'محمد', 'الشنقيطى', 'Al-Mataaba Al-Ahliah liloufset', '1983/1403 H', '-', 'Quran', 'B', 'A', 'Volume 7', '-', 22, 30, 1, 1),
(126, 24, 'Adwaa'' Al-Bayaan fe Edaah Al-Qura''n Bel-Qura''n', 'اضواء البيان فى ايضاح القران بالقران', 'محمد', 'الشنقيطى', 'Al-Mataaba Al-Ahliah liloufset', '1983/1403 H', '-', 'Quran', 'B', 'A', 'Volume 8', '-', 22, 30, 1, 1),
(127, 24, 'Adwaa'' Al-Bayaan fe Edaah Al-Qura''n Bel-Qura''n', 'اضواء البيان فى ايضاح القران بالقران', 'محمد', 'الشنقيطى', 'Al-Mataaba Al-Ahliah liloufset', '1983/1403 H', '-', 'Quran', 'B', 'A', 'Volume 9', '-', 22, 30, 1, 1),
(128, 24, 'Adwaa'' Al-Bayaan fe Edaah Al-Qura''n Bel-Qura''n', 'اضواء البيان فى ايضاح القران بالقران', 'محمد', 'الشنقيطى', 'Al-Mataaba Al-Ahliah liloufset', '1983/1403 H', '-', 'Quran', 'B', 'A', 'Volume 10', '-', 22, 30, 1, 1),
(129, 24, 'Al-Tebyaan fe Earaab Al-Qur''an', 'التبيان فى اعراب القران', 'ابى البقاء', 'العكبرى', 'Maktabeet Al-Dawah', '-', '-', 'Quran', 'B', 'A', 'Volume 1,2', '-', 23, 176, 1, 1),
(130, 24, 'Asbaab Al-Nezoul w behaameshu Al-Nasekh walmansoukh', 'أسباب النزول وبهامشه الناسخ والمنسوخ', 'ابى الحسن', 'النيسابورى', 'Maktabeet Al-Dawah', '-', '-', 'Quran', 'B', 'A', '-', '', 24, 176, 1, 1),
(131, 24, 'Qasas Al-Qur''an', 'قصص القران', 'محمد', 'بيومى', 'Maktabet Al-Imaan', '1999/1420 H', '1', 'Quran', 'B', 'A', '-', '', 25, 185, 1, 1),
(132, 24, 'Mabaaheth fe Ouloum Al-Qur''an', 'مباحث فى علوم القران', 'مناع', 'القطان', 'Maktabet Wahbah', '1981/1401 H', '5', 'Quran', 'B', 'A', '-', '977-7335-10-5', 26, 208, 1, 1),
(133, 24, 'Mabaaheth fe Ouloum Al-Qur''an', 'مباحث فى علوم القران', 'مناع', 'القطان', 'Maktabet Wahbah', '1981/1401 H', '5', 'Quran', 'B', 'A', '-', '977-7335-10-5', 26, 208, 1, 1),
(134, 24, 'Al-Mahaawer Al-Khamsah LilQur''an Al-Kareem', 'المحاور الخمسة للقران الكريم', 'محمد', 'الغزالى', 'Darrulsahwah', '-', '', 'Quran', 'B', 'A', '-', '-', 27, 149, 1, 1),
(135, 24, 'Al-Mahaawer Al-Khamsah LilQur''an Al-Kareem', 'المحاور الخمسة للقران الكريم', 'محمد', 'الغزالى', 'Darrulqalam', '2000/1421 H', '3', 'Quran', 'B', 'A', '-', '-', 27, 138, 1, 1),
(136, 24, 'Al-Mahaawer Al-Khamsah LilQur''an Al-Kareem', 'المحاور الخمسة للقران الكريم', 'محمد', 'الغزالى', 'Darrulqalam', '1997/1418 H', '2', 'Quran', 'B', 'A', '-', '-', 27, 138, 1, 1),
(137, 31, 'Saheeh Muslim', 'صحيح مسلم', 'خليل', 'شيحا', 'Dar El-Marefah', '1999/1420 H', '6', 'Hadith', 'B', 'A', 'Volume 1,2', '-', 28, 68, 2, 1),
(138, 31, 'Saheeh Muslim', 'صحيح مسلم', 'خليل', 'شيحا', 'Dar El-Marefah', '1999/1420 H', '6', 'Hadith', 'B', 'A', 'Volume 3,4', '-', 28, 68, 2, 1),
(139, 31, 'Saheeh Muslim', 'صحيح مسلم', 'خليل', 'شيحا', 'Dar El-Marefah', '1999/1420 H', '6', 'Hadith', 'B', 'A', 'Volume 5,6', '-', 28, 68, 2, 1),
(140, 31, 'Saheeh Muslim', 'صحيح مسلم', 'خليل', 'شيحا', 'Dar El-Marefah', '1999/1420 H', '6', 'Hadith', 'B', 'A', 'Volume 7,8', '-', 28, 68, 2, 1),
(141, 31, 'Saheeh Muslim', 'صحيح مسلم', 'خليل', 'شيحا', 'Dar El-Marefah', '1999/1420 H', '6', 'Hadith', 'B', 'A', 'Volume 9,10', '-', 28, 68, 2, 1),
(142, 31, 'Saheeh Muslim', 'صحيح مسلم', 'خليل', 'شيحا', 'Dar El-Marefah', '1999/1420 H', '6', 'Hadith', 'B', 'A', 'Volume 11,12', '-', 28, 68, 2, 1),
(143, 31, 'Saheeh Muslim', 'صحيح مسلم', 'خليل', 'شيحا', 'Dar El-Marefah', '1999/1420 H', '6', 'Hadith', 'B', 'A', 'Volume 13,14', '-', 28, 68, 2, 1),
(144, 31, 'Saheeh Muslim', 'صحيح مسلم', 'خليل', 'شيحا', 'Dar El-Marefah', '1999/1420 H', '6', 'Hadith', 'B', 'A', 'Volume 15,16', '-', 28, 68, 2, 1),
(145, 31, 'Saheeh Muslim', 'صحيح مسلم', 'خليل', 'شيحا', 'Dar El-Marefah', '1999/1420 H', '6', 'Hadith', 'B', 'A', 'Volume 17,18', '-', 28, 68, 2, 1),
(146, 31, 'Saheeh Muslim', 'صحيح مسلم', 'خليل', 'شيحا', 'Dar El-Marefah', '1999/1420 H', '6', 'Hadith', 'B', 'A', 'Volume 19, content', '-', 28, 68, 2, 1),
(147, 31, 'Riyaad Al-Saaleheen', 'رياض الصالحين', 'محى/محمد', 'الجراح/الصابونى', 'Mou`saseet  Manahel AL-Erfaan', '-', '-', 'Hadith', 'B', 'A', '-', '-', 29, 0, 2, 1),
(148, 31, 'Riyaad Al-Saaleheen', 'رياض الصالحين', 'محى الدين', 'النووى', 'Dar Ehiaa'' Al-Kutub Al-Arabiah', '-', '-', 'Hadith', 'B', 'A', '-', '-', 30, 67, 2, 1),
(149, 31, 'Riyaad Al-Saaleheen', 'رياض الصالحين', 'ابى زكريا', 'الدمشقى', 'Dar Al-Waraaq', '-', '-', 'Hadith', 'B', 'A', '-', '-', 31, 62, 2, 1),
(150, 31, 'Riyaad Al-Saaleheen', 'رياض الصالحين', 'ابى زكريا', 'الدمشقى', 'Dar Al-Faehaa'', Darrusalaam', '1991/1412 H', '13', 'Hadith', 'B', 'A', '-', '-', 31, 0, 2, 1),
(151, 31, 'Riyaad Al-Saaleheen', 'رياض الصالحين', 'ابى زكريا', 'الدمشقى', 'Maktabet Al-Riyad Al-Hadithah', '-', '-', 'Hadith', 'B', 'A', '-', '-', 31, 198, 2, 1),
(152, 31, 'Riyaad Al-Saaleheen', 'رياض الصالحين', 'محمد/على/جمال', 'عبدالعزيز/على/ثابت', 'Darrulhadith', '1997/1417 H', '2', 'Hadith', 'B', 'A', '-', '-', 32, 113, 2, 1),
(153, 31, 'Riyaad Al-Saaleheen', 'رياض الصالحين', 'ابى زكريا', 'النووى', 'Maktabet Al-Elm', '-', '-', 'Hadith', 'B', 'A', 'Volume 1', '-', 33, 183, 2, 1),
(154, 31, 'Riyaad Al-Saaleheen', 'رياض الصالحين', 'ابى زكريا', 'النووى', 'Maktabet Al-Elm', '-', '-', 'Hadith', 'B', 'A', 'Volume 2', '-', 33, 183, 2, 1),
(155, 31, 'Riyaad Al-Saaleheen', 'نزهة المتقين-شرح رياض الصالحين', 'مصطفى/مصطفى/محيي/على/محمد', 'الخن/البغا/مستو/الشربجى/لطفى', 'Mo''asaset Al-Resalah', '1987/1407 H', '1', 'Hadith', 'B', 'A', 'Volume 1', '-', 34, 212, 2, 1),
(156, 31, 'Riyaad Al-Saaleheen', 'نزهة المتقين-شرح رياض الصالحين', 'مصطفى/مصطفى/محيي/على/محمد', 'الخن/البغا/مستو/الشربجى/لطفى', 'Mo''asaset Al-Resalah', '1987/1407 H', '1', 'Hadith', 'B', 'A', 'Volume 2', '-', 34, 212, 2, 1),
(157, 31, 'Riyaad Al-Saaleheen', 'رياض الصالحين', 'احمد/محمد/محمد/عبدالحميد', 'البكرى/محمد/خلف/مدكور', 'Darrulsalaam', '2002/1433 H', '1', 'Hadith', 'B', 'A', 'Volume 1', '-', 35, 150, 2, 1),
(158, 31, 'Riyaad Al-Saaleheen', 'رياض الصالحين', 'احمد/محمد/محمد/عبدالحميد', 'البكرى/محمد/خلف/مدكور', 'Darrulsalaam', '2002/1433 H', '1', 'Hadith', 'B', 'A', 'Volume 2', '-', 35, 150, 2, 1),
(159, 32, 'Hadi Al-Sari-Moqadmat Fath Al-Bari', 'هدى السارى- مقدمة فتح البارى', 'احمد/عبدالعزيز/محمد', 'العسقلانى/باز/عبدالباقى', 'Dar Al-Kutub Al-Elmeehah', '1997/1418 H', '2', 'Hadith', 'B', 'A', 'Introduction', '-', 36, 53, 2, 1),
(160, 32, 'Hadi Al-Sari-Moqadmat Fath Al-Bari', 'هدى السارى- مقدمة فتح البارى', 'احمد/عبدالعزيز/محمد', 'العسقلانى/باز/عبدالباقى', 'Dar Al-Kutub Al-Elmeehah', '1997/1418 H', '2', 'Hadith', 'B', 'A', 'Volume 1', '-', 36, 53, 2, 1),
(161, 32, 'Hadi Al-Sari-Moqadmat Fath Al-Bari', 'هدى السارى- مقدمة فتح البارى', 'احمد/عبدالعزيز/محمد', 'العسقلانى/باز/عبدالباقى', 'Dar Al-Kutub Al-Elmeehah', '1997/1418 H', '2', 'Hadith', 'B', 'A', 'Volume 2', '-', 36, 53, 2, 1),
(162, 32, 'Hadi Al-Sari-Moqadmat Fath Al-Bari', 'هدى السارى- مقدمة فتح البارى', 'احمد/عبدالعزيز/محمد', 'العسقلانى/باز/عبدالباقى', 'Dar Al-Kutub Al-Elmeehah', '1997/1418 H', '2', 'Hadith', 'B', 'A', 'Volume 3', '-', 36, 53, 2, 1),
(163, 32, 'Hadi Al-Sari-Moqadmat Fath Al-Bari', 'هدى السارى- مقدمة فتح البارى', 'احمد/عبدالعزيز/محمد', 'العسقلانى/باز/عبدالباقى', 'Dar Al-Kutub Al-Elmeehah', '1997/1418 H', '2', 'Hadith', 'B', 'A', 'Volume 4', '-', 36, 53, 2, 1),
(164, 32, 'Hadi Al-Sari-Moqadmat Fath Al-Bari', 'هدى السارى- مقدمة فتح البارى', 'احمد/عبدالعزيز/محمد', 'العسقلانى/باز/عبدالباقى', 'Dar Al-Kutub Al-Elmeehah', '1997/1418 H', '2', 'Hadith', 'B', 'A', 'Volume 5', '-', 36, 53, 2, 1),
(165, 32, 'Hadi Al-Sari-Moqadmat Fath Al-Bari', 'هدى السارى- مقدمة فتح البارى', 'احمد/عبدالعزيز/محمد', 'العسقلانى/باز/عبدالباقى', 'Dar Al-Kutub Al-Elmeehah', '1997/1418 H', '2', 'Hadith', 'B', 'A', 'Volume 6', '-', 36, 53, 2, 1),
(166, 32, 'Hadi Al-Sari-Moqadmat Fath Al-Bari', 'هدى السارى- مقدمة فتح البارى', 'احمد/عبدالعزيز/محمد', 'العسقلانى/باز/عبدالباقى', 'Dar Al-Kutub Al-Elmeehah', '1997/1418 H', '2', 'Hadith', 'B', 'A', 'Volume 7', '-', 36, 53, 2, 1),
(167, 32, 'Hadi Al-Sari-Moqadmat Fath Al-Bari', 'هدى السارى- مقدمة فتح البارى', 'احمد/عبدالعزيز/محمد', 'العسقلانى/باز/عبدالباقى', 'Dar Al-Kutub Al-Elmeehah', '1997/1418 H', '2', 'Hadith', 'B', 'A', 'Volume 8', '-', 36, 53, 2, 1),
(168, 32, 'Hadi Al-Sari-Moqadmat Fath Al-Bari', 'هدى السارى- مقدمة فتح البارى', 'احمد/عبدالعزيز/محمد', 'العسقلانى/باز/عبدالباقى', 'Dar Al-Kutub Al-Elmeehah', '1997/1418 H', '2', 'Hadith', 'B', 'A', 'Volume 9', '-', 36, 53, 2, 1),
(169, 32, 'Hadi Al-Sari-Moqadmat Fath Al-Bari', 'هدى السارى- مقدمة فتح البارى', 'احمد/عبدالعزيز/محمد', 'العسقلانى/باز/عبدالباقى', 'Dar Al-Kutub Al-Elmeehah', '1997/1418 H', '2', 'Hadith', 'B', 'A', 'Volume 10', '-', 36, 53, 2, 1),
(170, 32, 'Hadi Al-Sari-Moqadmat Fath Al-Bari', 'هدى السارى- مقدمة فتح البارى', 'احمد/عبدالعزيز/محمد', 'العسقلانى/باز/عبدالباقى', 'Dar Al-Kutub Al-Elmeehah', '1997/1418 H', '2', 'Hadith', 'B', 'A', 'Volume 11', '-', 36, 53, 2, 1),
(171, 32, 'Hadi Al-Sari-Moqadmat Fath Al-Bari', 'هدى السارى- مقدمة فتح البارى', 'احمد/عبدالعزيز/محمد', 'العسقلانى/باز/عبدالباقى', 'Dar Al-Kutub Al-Elmeehah', '1997/1418 H', '2', 'Hadith', 'B', 'A', 'Volume 12', '-', 36, 53, 2, 1),
(172, 32, 'Hadi Al-Sari-Moqadmat Fath Al-Bari', 'هدى السارى- مقدمة فتح البارى', 'احمد/عبدالعزيز/محمد', 'العسقلانى/باز/عبدالباقى', 'Dar Al-Kutub Al-Elmeehah', '1997/1418 H', '2', 'Hadith', 'B', 'A', 'Volume 13', '-', 36, 53, 2, 1),
(173, 32, 'Hadi Al-Sari-Moqadmat Fath Al-Bari', 'هدى السارى- مقدمة فتح البارى', 'احمد/عبدالعزيز/محمد', 'العسقلانى/باز/عبدالباقى', 'Dar Al-Kutub Al-Elmeehah', '1997/1418 H', '2', 'Hadith', 'B', 'A', 'Volume 14', '-', 36, 53, 2, 1),
(174, 32, 'Hadi Al-Sari-Moqadmat Fath Al-Bari', 'هدى السارى- مقدمة فتح البارى', 'احمد/عبدالعزيز/محمد', 'العسقلانى/باز/عبدالباقى', 'Dar Al-Kutub Al-Elmeehah', '1997/1418 H', '2', 'Hadith', 'B', 'A', 'Volume 15', '-', 36, 53, 2, 1),
(175, 32, 'Al-Ahadeeth Al-Qudsiiah', 'الاحاديث القدسية', '-', '-', 'Darrulmanaar', '-', '-', 'Hadith', 'B', 'A', 'Volume 1,2', '-', 37, 131, 2, 1),
(176, 32, 'Sharh Saheeh Al-Bukhari', 'شرح صحيح البخارى', 'عبدالحليم', 'محمود', 'Hassaan', '-', '-', 'Hadith', 'B', 'A', 'Volume 6', '-', 38, 171, 2, 1),
(177, 32, 'Matn Al-Bukhari Behasheeat Al-Shandi', 'متن البخارى بحاشية السندى', 'أبى عبدالله', 'البخارى', 'Dar Ihyaa'' Al-Kutub Al-Arabiah', '-', '-', 'Hadith', 'B', 'A', 'Volume 1,2', '-', 39, 78, 2, 1),
(178, 33, 'Silssilat Al-Ahdith Al-Saheehah', 'سلسلة الاحاديث الصحيحة ', 'محمد', 'الالبانى', 'Al-Maktab Al-Islami', '1985/1405 H', '4', 'Hadith', 'B', 'A', 'Volume 1', '-', 40, 21, 2, 1),
(179, 33, 'Silssilat Al-Ahdith Al-Saheehah', 'سلسلة الاحاديث الصحيحة ', 'محمد', 'الالبانى', 'Al-Maktab Al-Islami', '1985/1405 H', '4', 'Hadith', 'B', 'A', 'Volume 2', '-', 40, 21, 2, 1),
(180, 33, 'Silssilat Al-Ahdith Al-Saheehah', 'سلسلة الاحاديث الصحيحة ', 'محمد', 'الالبانى', 'Al-Maktab Al-Islami', '1985/1405 H', '4', 'Hadith', 'B', 'A', 'Volume 3', '-', 40, 21, 2, 1),
(181, 33, 'Silssilat Al-Ahdith Al-Saheehah', 'سلسلة الاحاديث الصحيحة ', 'محمد', 'الالبانى', 'Al-Maktab Al-Islami', '1985/1405 H', '4', 'Hadith', 'B', 'A', 'Volume 4', '-', 40, 21, 2, 1),
(182, 33, 'Sunnan Al-Darami', 'سنن الدرامى', 'ابو محمد', 'الدرامى', 'Hadith Acadami', '1984/1404 H', '-', 'Hadith', 'B', 'A', 'Volume 1', '-', 41, 167, 2, 1),
(183, 33, 'Sunnan Al-Darami', 'سنن الدرامى', 'ابو محمد', 'الدرامى', 'Hadith Acadami', '1984/1404 H', '-', 'Hadith', 'B', 'A', 'Volume 2', '-', 41, 167, 2, 1),
(184, 33, 'Nail AL-Awataar man Ahadith Sayyed Al-Akhyaar', 'نيل الاوطار من احاديث سيد الاخيار', 'محمد', 'الشوكانى', 'Dar Al-Kutub Al-Elmeehah', '-', '-', 'Hadith', 'B', 'A', 'Volume 1,2', '-', 6, 53, 2, 1),
(185, 33, 'Nail AL-Awataar man Ahadith Sayyed Al-Akhyaar', 'نيل الاوطار من احاديث سيد الاخيار', 'محمد', 'الشوكانى', 'Dar Al-Kutub Al-Elmeehah', '-', '-', 'Hadith', 'B', 'A', 'Volume 3,4', '-', 6, 53, 2, 1),
(186, 33, 'Nail AL-Awataar man Ahadith Sayyed Al-Akhyaar', 'نيل الاوطار من احاديث سيد الاخيار', 'محمد', 'الشوكانى', 'Dar Al-Kutub Al-Elmeehah', '-', '-', 'Hadith', 'B', 'A', 'Volume 5,6', '-', 6, 53, 2, 1),
(187, 33, 'Nail AL-Awataar man Ahadith Sayyed Al-Akhyaar', 'نيل الاوطار من احاديث سيد الاخيار', 'محمد', 'الشوكانى', 'Darrulkutub Al-Elmiah', '-', '-', 'Hadith', 'B', 'A', 'Volume 7,8', '-', 6, 127, 2, 1),
(188, 33, 'Nael Al-Awtaar-Sharh Al-Akhbaar', 'نيل الاوطار-شرح الاخبار', 'المجتهد/محمد', 'الربانى/الشوكانى', 'Dar- Al-Rayaan liltorath', '-', '-', 'Hadith', 'B', 'A', 'Volume 1,2', '-', 42, 85, 2, 1),
(189, 33, 'Nael Al-Awtaar-Sharh Al-Akhbaar', 'نيل الاوطار-شرح الاخبار', 'المجتهد/محمد', 'الربانى/الشوكانى', 'Dar- Al-Rayaan liltorath', '-', '-', 'Hadith', 'B', 'A', 'Volume 3,4', '-', 42, 85, 2, 1),
(190, 33, 'Nael Al-Awtaar-Sharh Al-Akhbaar', 'نيل الاوطار-شرح الاخبار', 'المجتهد/محمد', 'الربانى/الشوكانى', 'Dar- Al-Rayaan liltorath', '-', '-', 'Hadith', 'B', 'A', 'Volume 5,6', '-', 42, 85, 2, 1),
(191, 33, 'Nael Al-Awtaar-Sharh Al-Akhbaar', 'نيل الاوطار-شرح الاخبار', 'المجتهد/محمد', 'الربانى/الشوكانى', 'Dar- Al-Rayaan liltorath', '-', '-', 'Hadith', 'B', 'A', 'Volume 7,8', '-', 42, 85, 2, 1),
(192, 33, 'Jaamea Al-Ouloum walhekam fe Sharh khamseen hadithn men Jawaamea Al-Kalem', 'جامع العلوم والحكمة فى شرح خمسين حدبثا من جوامع الكلم', 'ابن رجب', 'الحنبلى', 'Jamaeat Ehiaa'' Al-Torath Al-Islami', '2002/1423 H', '2', 'Hadith', 'B', 'A', '-', '-', 43, 173, 2, 1),
(193, 33, 'Jaamea Al-Ouloum walhekam fe Sharh khamseen hadithn men Jawaamea Al-Kalem', 'جامع العلوم والحكمة فى شرح خمسين حدبثا من جوامع الكلم', 'ابن رجب', 'الحنبلى', 'Dar Al-Jeel', '-', '-', 'Hadith', 'B', 'A', '-', '-', 43, 51, 2, 1),
(194, 33, 'Jaamea Al-Ouloum walhekam fe Sharh khamseen hadithn men Jawaamea Al-Kalem', 'جامع العلوم والحكمة فى شرح خمسين حدبثا من جوامع الكلم', 'زين الدين', 'البغدادى ', 'Mo''asaset Al-Kutub Al-Thaqafiah', '', '-', 'Hadith', 'B', 'A', '-', '-', 44, 211, 2, 1),
(195, 33, 'Jaamea Al-Ouloum walhekam fe Sharh khamseen hadithn men Jawaamea Al-Kalem', 'جامع العلوم والحكمة فى شرح خمسين حدبثا من جوامع الكلم', 'ابن رجب', 'الحنبلى', 'Dar Al-Tawzeeh Wal-Nashr Al-Islamiah', '1998/1418 H', '-', 'Hadith', 'B', 'A', '-', '977-265-205-6', 43, 60, 2, 1),
(196, 33, 'Al-Lou`Lou`w Almarjaan', 'اللؤلؤ والمرجان', 'محمد', 'عبدالباقى', 'Dar Eheyaa'' Al-Kutub Al-Arabiah', '1981', '-', 'Hadith', 'B', 'A', 'Volume 1', '-', 45, 66, 2, 1),
(197, 33, 'Al-Lou`Lou`w Almarjaan', 'اللؤلؤ والمرجان', 'محمد', 'عبدالباقى', 'Dar Eheyaa'' Al-Kutub Al-Arabiah', '1981', '-', 'Hadith', 'B', 'A', 'Volume 1', '-', 45, 66, 2, 1),
(198, 33, 'Al-Lou`Lou`w Almarjaan', 'اللؤلؤ والمرجان', 'محمد', 'عبدالباقى', 'Dar Al-Hadith', '2001/1421 H', '-', 'Hadith', 'B', 'A', '-', '-', 45, 50, 2, 1),
(199, 34, 'Saheeh Al-Jame Al-Saker w zeeyadatouh (Al-Fath Al-Kabeer)', 'صحيح الجامع الصغير وزيادته (الفتح الكبير)', 'محمد', 'الالبانى', 'Al-Maktab Al-Islami', '1988/1408 H', '3', 'Hadith', 'B', 'A', 'Volume 2', '-', 40, 21, 2, 1),
(200, 34, 'Daeef  Al-Jame Al-Saker w zeeyadatouh (Al-Fath Al-Kabeer)', 'ضعيف الجامع الصغير وزيادته (الفتح الكبير)', 'محمد', 'الالبانى', 'Al-Maktab Al-Islami', '1990/1410 H', '3', 'Hadith', 'B', 'A', '-', '-', 40, 21, 2, 1),
(201, 34, 'Eqtedaa`Al-Siraat Al-Mostaqeem limokhalafaat Ashaab Al-Jaheem', 'اقتضاء الصراط المستقيم لمخالفة اصحاب الجحيم', 'احمد', 'بن تيمية', '-', '1404 H', '1', 'Hadith', 'B', 'A', 'Volume 2', '-', 46, 227, 2, 1),
(202, 34, 'Eqtedaa`Al-Siraat Al-Mostaqeem limokhalafaat Ashaab Al-Jaheem', 'اقتضاء الصراط المستقيم لمخالفة اصحاب الجحيم', 'احمد', 'بن تيمية', '-', '1404 H', '1', 'Hadith', 'B', 'A', 'Volume 2', '-', 46, 227, 2, 1),
(203, 34, 'Ketab Al-Kefaaiah fe Elm Al-Rewaaiah', 'كتاب الكفاية فى علم الرواية', 'محمد/عبدالحليم/عبدالرحمن', 'التيجانى/عبدالحليم/محمود', 'Darrulkutub Al-Hadeetha', '1972', '2', 'Hadith', 'B', 'A', '', '-', 47, 129, 2, 1),
(204, 34, 'Al-Baaeth Al-Hatheeth', 'الباعث الحثيث', 'الحافظ', 'ابن كثير', 'Maktabet Al-Maareef ', '1996/1417 H', '1', 'Hadith', 'B', 'A', 'Volume 1', '9960-804-43-7', 48, 188, 2, 1),
(205, 34, 'Al-Baaeth Al-Hatheeth', 'الباعث الحثيث', 'الحافظ', 'ابن كثير', 'Maktabet Al-Maareef ', '1996/1417 H', '1', 'Hadith', 'B', 'A', 'Volume 2', '9960-804-43-7', 48, 188, 2, 1),
(206, 34, 'Asbaab Ekhtelaaf Almouhdatheen', 'اسباب اختلاف المحدثين', 'خلدون', 'الاحدب', 'Al-Dar Al-Saudiah', '1987/1407 H', '2', 'Hadith', 'B', 'A', 'Volume 1', '-', 49, 8, 2, 1),
(207, 34, 'Asbaab Ekhtelaaf Almouhdatheen', 'اسباب اختلاف المحدثين', 'خلدون', 'الاحدب', 'Al-Dar Al-Saudiah', '1987/1407 H', '3', 'Hadith', 'B', 'A', 'Volume 2', '-', 49, 8, 2, 1),
(208, 34, 'Arwaa'' Al-Aleel fe Takhreej Manaar Al-Sabeel', 'ارواء العليل فى تخريج احاديث منار السبيل', 'محمد', 'الالبانى', 'Al-Maktab Al-Islami', '1979/1399 H', '1', 'Hadith', 'B', 'A', 'Volume 1', '-', 40, 21, 2, 1),
(209, 34, 'Arwaa'' Al-Aleel fe Takhreej Manaar Al-Sabeel', 'ارواء العليل فى تخريج احاديث منار السبيل', 'محمد', 'الالبانى', 'Al-Maktab Al-Islami', '1979/1399 H', '2', 'Hadith', 'B', 'A', 'Volume 2', '-', 40, 21, 2, 1),
(210, 34, 'Arwaa'' Al-Aleel fe Takhreej Manaar Al-Sabeel', 'ارواء العليل فى تخريج احاديث منار السبيل', 'محمد', 'الالبانى', 'Al-Maktab Al-Islami', '1979/1399 H', '3', 'Hadith', 'B', 'A', 'Volume 3', '-', 40, 21, 2, 1),
(211, 34, 'Saheeh Al-Tarkeeb wal-Tarheeb', 'صحيح الترغيب و الترهيب', 'محمد', 'الالبانى', 'Al-Maktab Al-Islami', '1986/1406 H', '2', 'Hadith', 'B', 'A', 'Volume 1', '-', 40, 21, 2, 1),
(212, 34, 'Al-Ahdeeht Al-Qudsseah', 'الاحاديث القدسية', '-', '-', 'Al-Nour Al-Islamiah', '-', '-', 'Hadith', 'B', 'A', 'Volume 1,2', '-', 37, 34, 2, 1),
(213, 34, 'Al-Athkaar', 'الاذكار', 'مصطفى', 'الطير', 'Dar Al-Rayaan lil-torath', '1988/1408 H', '1', 'Hadith', 'B', 'A', '-', '-', 50, 56, 2, 1),
(214, 34, 'Aouloum Al-Hadith', 'علوم الحديث', 'ابو عمرو', 'زويرى', 'Dar Al-Fekr', '1986/1406 H', '', 'Hadith', 'B', 'A', '-', '-', 51, 49, 2, 1),
(215, 34, 'Aousoul Al-Takhreej w Deraseet Al-Asaaneed', 'اصول التخريج ودراسة الاسانيد', 'محمود ', 'الطحان', 'Maktabet Al-Maareef ', '1991/1412 H', '2', 'Hadith', 'B', 'A', '-', '-', 52, 188, 2, 1),
(216, 34, 'Defaa An Al-Sunna', 'دفاع عن السنة', 'محمد', 'ابو شهبة', 'Dar Al-Lewaa', '1987/1407 H', '2', 'Hadith', 'B', 'A', '-', '-', 53, 54, 2, 1),
(217, 34, 'Houjyat Al-Sunna', 'حجية السنة', 'عبدالغنى', 'عبدالخالق', 'Dar Al-Qur''an Al-Kareem', '1986/1407 H', '1', 'Hadith', 'B', 'A', '-', '-', 54, 55, 2, 1),
(218, 34, 'Manhaj Al-Naqd fe Ouloum Al-Hadith', 'منهج النقد فى علوم الحيث', 'نور الدين', 'عتر', 'Dar Al-Fekr', '1992/1412 H', '3', 'Hadith', 'B', 'A', '-', '-', 55, 49, 2, 1),
(219, 34, 'Fath Al-Mouneem-Sharh Saheeh Muslim', 'فتح المنعم - شرح صحيح مسلم', 'موسى', 'لاشين', 'Dar Al-Torath Al-Arabi', '-', '2', 'Hadith', 'B', 'A', 'Volume 1', '-', 56, 61, 2, 1),
(220, 34, 'Silssilat Al-Ahdith Al-Mawdouaah', 'سلسلة الاحاديث الموضوعة ', 'محمد', 'الالبانى', 'Al-Maktab Al-Islami', '1985/1405 H', '5', 'Hadith', 'B', 'A', 'Volume 1', '-', 40, 21, 2, 1),
(221, 34, 'Silssilat Al-Ahdith Al-Mawdouaah', 'سلسلة الاحاديث الموضوعة ', 'محمد', 'الالبانى', 'Maktabet Al-Maareef ', '1408 H', '4', 'Hadith', 'B', 'A', 'Volume 2', '-', 40, 188, 2, 1),
(222, 34, 'Silssilat Al-Ahdith Al-Mawdouaah', 'سلسلة الاحاديث الموضوعة ', 'محمد', 'الالبانى', 'Maktabet Al-Maareef ', '1988/1408 H', '2', 'Hadith', 'B', 'A', 'Volume 3', '-', 40, 188, 2, 1),
(223, 34, 'Silssilat Al-Ahdith Al-Mawdouaah', 'سلسلة الاحاديث الموضوعة ', 'محمد', 'الالبانى', 'Maktabet Al-Maareef ', '1988/1408 H', '1', 'Hadith', 'B', 'A', 'Volume 4', '-', 40, 188, 2, 1),
(224, 35, 'Men Kounouz Al-Sunna', 'من كنوز السنة', 'محمد', 'الصابونى', '-', '-', '-', 'Hadith', 'B', 'A', '-', '-', 11, 227, 2, 1),
(225, 35, 'Riyaad Al-Saalehaat', 'رياض الصالحات', 'بدوى', 'الشيخ', 'Dar As-Salaam', '1995/1415 H', '-', 'Hadith', 'B', 'A', '-', '-', 57, 64, 2, 1),
(226, 35, 'Al-Sunna Al-Nabwiiah bayna Ahl Al-Fiq w Ahl Al-Hadith', 'السنة النبوية بين اهل الفقه واهل الحديث', 'محمد', 'الغزالى', 'Dar Al-Shrooq', '1989', '5', 'Hadith', 'B', 'A', '-', '-', 27, 58, 2, 1),
(227, 35, 'Kaifa Nataamal maa Al-Sunna Al-Nabwiiah', 'كيف نتعامل مع السنة النبوية', 'يوسف', 'القرضاوى', 'Al-maahad Al-Elmi lilfekr Al-Islami', '1990/1411 H', '2', 'Hadith', 'B', 'A', '-', '-', 58, 15, 2, 1),
(228, 35, 'Oushroun Hadithn men Shaeh Muslim', 'عشرون حديثا من صحيح مسلم', 'عبدالمحسن', 'العباد', 'Al-Jaamaah Al-Islamiah belmadinah Al-Monawarah', '1409 H', '1', 'Hadith', 'B', 'A', '-', '-', 59, 12, 2, 1),
(229, 35, 'Al-Kshaaf Al-Mawdouu Liahadith Shaeh Al-Bukhari', 'الكشاف الموضوعى لاحاديث صحيح البخارى', 'محى', 'عطية', 'Al-maahad Al-Elmi lilfekr Al-Islami', '1992/1412 H', '1', 'Hadith', 'B', 'A', '-', '-', 60, 15, 2, 1),
(230, 41, 'Rakaa''ez Al-Imaan', 'زكائز الايمان', 'محمد', 'قطب', 'Markaz Al-Derasaat wal-Ialaam', '1997/1417 H', '1', 'Aqeedah', 'B', 'A', '-', '9960-727-04-1', 61, 210, 3, 1),
(231, 41, 'Taieseer Al-Aziz Al-Hamdeed fe Sharh Ketab At-tawheed', 'تيسير العزيز الحميد فى شرح كتاب التوحيد', 'سليمان', 'عبدالوهاب', 'Rea''aseet Edareet Al-Bouhouuth Al-Elmiah waleftaa Wal-Dawaah wal-Irshaad', '-', '-', 'Aqeedah', 'B', 'A', '-', '-', 62, 224, 3, 1),
(232, 41, 'Maqaased Al-Moukalafeen', 'مقاصد المكلفين', 'عمر', 'الاشقر', 'Maktabet Al-Falaah', '1981/1401 H', '1', 'Aqeedah', 'B', 'A', '-', '-', 63, 184, 3, 1),
(233, 41, 'Hatha Halal w Hatha Haraam', 'هذا حلال وهذا حرام', 'عبدالقادر', 'عطا', 'Darrultourath Al-Arabi', '1980/1400 H', '2', 'Aqeedah', 'B', 'A', '-', '-', 64, 158, 3, 1),
(234, 41, 'Qesat Al-Imaan', 'قصة الايمان', 'نديم', 'الجسر', 'Darrulhijrah', '-', '-', 'Aqeedah', 'B', 'A', '-', '-', 65, 115, 3, 1);
INSERT INTO `book` (`Book_ID`, `Call_no`, `Title`, `Alt_Title`, `Author_Fname`, `Author_Lname`, `Publisher`, `Publication_date`, `Edition`, `Category`, `Format`, `Language`, `Comments`, `ISBN`, `Author_ID`, `Publisher_ID`, `Category_ID`, `Language_ID`) VALUES
(235, 41, 'Al-Walaa'' Walbaraa'' felislaam', 'الولاء والبراء', 'محمد', 'القحطانى', 'Dar Teebah', '-', '1', 'Aqeedah', 'B', 'A', '-', '-', 66, 80, 3, 1),
(236, 41, 'Mokashafet Al-Qloub', 'مكاشفة القلوب', 'محمد', 'الغزالى', 'Maktabet Al-Imaan', '1995', '', 'Aqeedah', 'B', 'A', '-', '977-5387-62-0', 27, 185, 3, 1),
(237, 41, 'Fath Al-Majeed Sharh Ketab Al-Tawheed', 'فتح المجيد شرح كتاب التوحيد', 'عبدالرحمن', 'ال الشيخ', 'Darrulmuslim', '-', '-', 'Aqeedah', 'B', 'A', '-', '-', 67, 133, 3, 1),
(238, 41, 'Al-Millal w All-Nahl', 'الملل والنحل', 'ابى الفتح', 'الشهرستانى', 'Darrulfekr', '1997/1417 H', '1', 'Aqeedah', 'B', 'A', '-', '-', 68, 107, 3, 1),
(239, 41, 'Men Wasaaiaa Al-Quraan Al-Kareem', 'من وصايا القران الكريم', 'محمد', 'البلتاجى', 'Maktabet Fayaad', '1997/1418 H', '3', 'Aqeedah', 'B', 'A', 'Volume 1', '-', 69, 203, 3, 1),
(240, 41, 'Men Wasaaiaa Al-Quraan Al-Kareem', 'من وصايا القران الكريم', 'محمد', 'البلتاجى', 'Maktabet Fayaad', '1997/1418 H', '4', 'Aqeedah', 'B', 'A', 'Volume 2', '-', 69, 203, 3, 1),
(241, 41, 'Nawaaqed Al-Imaan Al-Eqteqaadiah', 'نواقض الايمان الاعتقادية', 'محمد', 'الوهيبى', 'Darrulmuslim', '1996/1416 H', '1', 'Aqeedah', 'B', 'A', 'Volume 1', '9960-748-47-2', 70, 133, 3, 1),
(242, 41, 'Nawaaqed Al-Imaan Al-Eqteqaadiah', 'نواقض الايمان الاعتقادية', 'محمد', 'الوهيبى', 'Darrulmuslim', '1996/1416 H', '', 'Aqeedah', 'B', 'A', 'Volume 2', '9960-748-47-2', 70, 133, 3, 1),
(243, 41, 'AL-Mouhadaraat As-sunniah fe Sharh Al-Aqeedah Al-Waasteeah', 'شرح العقيدة الواسطية', 'محمد', 'بن العثيمين', 'Maktabet Tabriah', '1993/1413 H', '1', 'Aqeedah', 'B', 'A', 'Volume 1', '-', 71, 206, 3, 1),
(244, 41, 'AL-Mouhadaraat As-sunniah fe Sharh Al-Aqeedah Al-Waasteeah', 'شرح العقيدة الواسطية', 'محمد', 'بن العثيمين', 'Maktabet Tabriah', '1993/1413 H', '1', 'Aqeedah', 'B', 'A', 'Voluem 2', '-', 71, 206, 3, 1),
(245, 41, 'Tabseet Al-Aqaa''ed Al-Islamiah', 'تبسيط العقائد الاسلامية', 'حسن', 'ايوب', 'Darrultourath Al-Arabi', '1986/1406 H', '7', 'Aqeedah', 'B', 'A', '-', '-', 72, 158, 3, 1),
(246, 41, 'Al-Aqeeah Al-Islaamiah w Asasoha', 'العقيدة الاسلامية واسسها', 'عبدالرحمن', 'الميدانى', 'Darrulqalam', '1983/1403 H', '3', 'Aqeedah', 'B', 'A', '-', '-', 73, 138, 3, 1),
(247, 41, 'Al-Aqaaed AL-Islaamiah', 'العقائد الاسلامية', 'السيد', 'سابق', 'Al-Fath lilelaam Al-Arabi ', '1992/1412 H', '-', 'Aqeedah', 'B', 'A', '-', '-', 74, 10, 3, 1),
(248, 41, 'Al-Aqeedah Al-Islaamiah Al-Mouiasarah', 'العقيدة الاسلامية الميسرة', 'ابى عمر', 'ندا', '-', '1999/1420 H', '1', 'Aqeedah', 'B', 'A', '-', '-', 75, 227, 3, 1),
(249, 41, 'Al-Minhaj Al-Islaami', 'المنهاج الاسلامى', 'هاشم', 'على', 'Darrulthaqafah', '1996', '-', 'Aqeedah', 'B', 'A', 'Volume 1', '99921-36-08-1', 76, 156, 3, 1),
(250, 41, 'Manhaj Al-Haafez Ibn Rajab Al-Hanbali felaqeedah', 'منهج الحافظ ابن رجب الحنبلى فى العقيدة', 'على', 'الشبل', '-', '-', '-', 'Aqeedah', 'B', 'A', '-', '-', 77, 227, 3, 1),
(251, 41, 'Manhaj All-Qura''an fe Ard Aqeedatulislaam', 'منهج القران', 'جمعه', 'عبدالعزيز', 'Darruldawah', '1991/1411 H', '2', 'Aqeedah', 'B', 'A', '-', '977-253-021-X', 78, 100, 3, 1),
(252, 41, 'Al-Aqeedah Al-Islaamiah', 'العقائد الاسلامية', 'السيد', 'سابق', 'Darrulfath', '2000/1420 H', '10', 'Aqeedah', 'B', 'A', '-', '-', 74, 105, 3, 1),
(253, 41, 'Aqeedat Al-Mou''men', 'عقيدة المؤمن', 'ابوبكر', 'الجزائرى', 'Darrulsalaam', '2000/1421 H', '3', 'Aqeedah', 'B', 'A', '', '', 79, 150, 3, 1),
(254, 41, 'Al-Wajeez fe Aqeedat As-Salaf As-Saleeh', 'الوجيز فى عقيدة السلف الصالح', 'عبدالله', 'الاثرى', 'Darrulraiaah', '1418 H', '1', 'Aqeedah', 'B', 'A', '-', '9960-661-53-9', 80, 142, 3, 1),
(255, 42, 'Majmoua Fatawa Shiekh Al-Islam Ahmed Ibn Taimiah', 'مجموع فتاوى شيخ الاسلام احمد بن تيمية', 'محمد', 'الحنبلى', 'Maktabet Al-Nahdah Al-Hadithah', '1404 H', '', 'Aqeedah', 'B', 'A', 'Volume 1', '-', 81, 196, 3, 1),
(256, 42, 'Majmoua Fatawa Shiekh Al-Islam Ahmed Ibn Taimiah', 'مجموع فتاوى شيخ الاسلام احمد بن تيمية', 'محمد', 'الحنبلى', 'Maktabet Al-Nahdah Al-Hadithah', '1404 H', '', 'Aqeedah', 'B', 'A', 'Volume 2', '-', 81, 196, 3, 1),
(257, 42, 'Majmoua Fatawa Shiekh Al-Islam Ahmed Ibn Taimiah', 'مجموع فتاوى شيخ الاسلام احمد بن تيمية', 'محمد', 'الحنبلى', 'Maktabet Al-Nahdah Al-Hadithah', '1404 H', '', 'Aqeedah', 'B', 'A', 'Volume 3', '-', 81, 196, 3, 1),
(258, 42, 'Majmoua Fatawa Shiekh Al-Islam Ahmed Ibn Taimiah', 'مجموع فتاوى شيخ الاسلام احمد بن تيمية', 'محمد', 'الحنبلى', 'Maktabet Al-Nahdah Al-Hadithah', '1404 H', '', 'Aqeedah', 'B', 'A', 'Volume 4', '-', 81, 196, 3, 1),
(259, 42, 'Majmoua Fatawa Shiekh Al-Islam Ahmed Ibn Taimiah', 'مجموع فتاوى شيخ الاسلام احمد بن تيمية', 'محمد', 'الحنبلى', 'Maktabet Al-Nahdah Al-Hadithah', '1404 H', '', 'Aqeedah', 'B', 'A', 'Volume 5', '-', 81, 196, 3, 1),
(260, 42, 'Majmoua Fatawa Shiekh Al-Islam Ahmed Ibn Taimiah', 'مجموع فتاوى شيخ الاسلام احمد بن تيمية', 'محمد', 'الحنبلى', 'Maktabet Al-Nahdah Al-Hadithah', '1404 H', '', 'Aqeedah', 'B', 'A', 'Volume 6', '-', 81, 196, 3, 1),
(261, 42, 'Majmoua Fatawa Shiekh Al-Islam Ahmed Ibn Taimiah', 'مجموع فتاوى شيخ الاسلام احمد بن تيمية', 'محمد', 'الحنبلى', 'Maktabet Al-Nahdah Al-Hadithah', '1404 H', '', 'Aqeedah', 'B', 'A', 'Volume 7', '-', 81, 196, 3, 1),
(262, 42, 'Majmoua Fatawa Shiekh Al-Islam Ahmed Ibn Taimiah', 'مجموع فتاوى شيخ الاسلام احمد بن تيمية', 'محمد', 'الحنبلى', 'Maktabet Al-Nahdah Al-Hadithah', '1404 H', '', 'Aqeedah', 'B', 'A', 'Volume 8', '-', 81, 196, 3, 1),
(263, 42, 'Majmoua Fatawa Shiekh Al-Islam Ahmed Ibn Taimiah', 'مجموع فتاوى شيخ الاسلام احمد بن تيمية', 'محمد', 'الحنبلى', 'Maktabet Al-Nahdah Al-Hadithah', '1404 H', '', 'Aqeedah', 'B', 'A', 'Volume 9', '-', 81, 196, 3, 1),
(264, 42, 'Majmoua Fatawa Shiekh Al-Islam Ahmed Ibn Taimiah', 'مجموع فتاوى شيخ الاسلام احمد بن تيمية', 'محمد', 'الحنبلى', 'Maktabet Al-Nahdah Al-Hadithah', '1404 H', '', 'Aqeedah', 'B', 'A', 'Volume 11', '-', 81, 196, 3, 1),
(265, 42, 'Majmoua Fatawa Shiekh Al-Islam Ahmed Ibn Taimiah', 'مجموع فتاوى شيخ الاسلام احمد بن تيمية', 'محمد', 'الحنبلى', 'Maktabet Al-Nahdah Al-Hadithah', '1404 H', '', 'Aqeedah', 'B', 'A', 'Volume 12', '-', 81, 196, 3, 1),
(266, 42, 'Majmoua Fatawa Shiekh Al-Islam Ahmed Ibn Taimiah', 'مجموع فتاوى شيخ الاسلام احمد بن تيمية', 'محمد', 'الحنبلى', 'Maktabet Al-Nahdah Al-Hadithah', '1404 H', '', 'Aqeedah', 'B', 'A', 'Volume 13', '-', 81, 196, 3, 1),
(267, 42, 'Majmoua Fatawa Shiekh Al-Islam Ahmed Ibn Taimiah', 'مجموع فتاوى شيخ الاسلام احمد بن تيمية', 'محمد', 'الحنبلى', 'Maktabet Al-Nahdah Al-Hadithah', '1404 H', '', 'Aqeedah', 'B', 'A', 'Volume 14', '-', 81, 196, 3, 1),
(268, 42, 'Majmoua Fatawa Shiekh Al-Islam Ahmed Ibn Taimiah', 'مجموع فتاوى شيخ الاسلام احمد بن تيمية', 'محمد', 'الحنبلى', 'Maktabet Al-Nahdah Al-Hadithah', '1404 H', '', 'Aqeedah', 'B', 'A', 'Volume 15', '-', 81, 196, 3, 1),
(269, 42, 'Majmoua Fatawa Shiekh Al-Islam Ahmed Ibn Taimiah', 'مجموع فتاوى شيخ الاسلام احمد بن تيمية', 'محمد', 'الحنبلى', 'Maktabet Al-Nahdah Al-Hadithah', '1404 H', '', 'Aqeedah', 'B', 'A', 'Volume 16', '-', 81, 196, 3, 1),
(270, 42, 'Majmoua Fatawa Shiekh Al-Islam Ahmed Ibn Taimiah', 'مجموع فتاوى شيخ الاسلام احمد بن تيمية', 'محمد', 'الحنبلى', 'Maktabet Al-Nahdah Al-Hadithah', '1404 H', '', 'Aqeedah', 'B', 'A', 'Volume 17', '-', 81, 196, 3, 1),
(271, 42, 'Majmoua Fatawa Shiekh Al-Islam Ahmed Ibn Taimiah', 'مجموع فتاوى شيخ الاسلام احمد بن تيمية', 'محمد', 'الحنبلى', 'Maktabet Al-Nahdah Al-Hadithah', '1404 H', '', 'Aqeedah', 'B', 'A', 'Volume 18', '-', 81, 196, 3, 1),
(272, 42, 'Majmoua Fatawa Shiekh Al-Islam Ahmed Ibn Taimiah', 'مجموع فتاوى شيخ الاسلام احمد بن تيمية', 'محمد', 'الحنبلى', 'Maktabet Al-Nahdah Al-Hadithah', '1404 H', '', 'Aqeedah', 'B', 'A', 'Volume 19', '-', 81, 196, 3, 1),
(273, 42, 'Majmoua Fatawa Shiekh Al-Islam Ahmed Ibn Taimiah', 'مجموع فتاوى شيخ الاسلام احمد بن تيمية', 'محمد', 'الحنبلى', 'Maktabet Al-Nahdah Al-Hadithah', '1404 H', '', 'Aqeedah', 'B', 'A', 'Volume 20', '-', 81, 196, 3, 1),
(274, 42, 'Majmoua Fatawa Shiekh Al-Islam Ahmed Ibn Taimiah', 'مجموع فتاوى شيخ الاسلام احمد بن تيمية', 'محمد', 'الحنبلى', 'Maktabet Al-Nahdah Al-Hadithah', '1404 H', '', 'Aqeedah', 'B', 'A', 'Volume 21', '-', 81, 196, 3, 1),
(275, 43, 'Majmoua Fatawa Shiekh Al-Islam Ahmed Ibn Taimiah', 'مجموع فتاوى شيخ الاسلام احمد بن تيمية', 'محمد', 'الحنبلى', 'Maktabet Al-Nahdah Al-Hadithah', '1404 H', '', 'Aqeedah', 'B', 'A', 'Volume 22', '-', 81, 196, 3, 1),
(276, 43, 'Majmoua Fatawa Shiekh Al-Islam Ahmed Ibn Taimiah', 'مجموع فتاوى شيخ الاسلام احمد بن تيمية', 'محمد', 'الحنبلى', 'Maktabet Al-Nahdah Al-Hadithah', '1404 H', '', 'Aqeedah', 'B', 'A', 'Volume 23', '-', 81, 196, 3, 1),
(277, 43, 'Majmoua Fatawa Shiekh Al-Islam Ahmed Ibn Taimiah', 'مجموع فتاوى شيخ الاسلام احمد بن تيمية', 'محمد', 'الحنبلى', 'Maktabet Al-Nahdah Al-Hadithah', '1404 H', '', 'Aqeedah', 'B', 'A', 'Volume 24', '-', 81, 196, 3, 1),
(278, 43, 'Majmoua Fatawa Shiekh Al-Islam Ahmed Ibn Taimiah', 'مجموع فتاوى شيخ الاسلام احمد بن تيمية', 'محمد', 'الحنبلى', 'Maktabet Al-Nahdah Al-Hadithah', '1404 H', '', 'Aqeedah', 'B', 'A', 'Volume 25', '-', 81, 196, 3, 1),
(279, 43, 'Majmoua Fatawa Shiekh Al-Islam Ahmed Ibn Taimiah', 'مجموع فتاوى شيخ الاسلام احمد بن تيمية', 'محمد', 'الحنبلى', 'Maktabet Al-Nahdah Al-Hadithah', '1404 H', '', 'Aqeedah', 'B', 'A', 'Volume 26', '-', 81, 196, 3, 1),
(280, 43, 'Majmoua Fatawa Shiekh Al-Islam Ahmed Ibn Taimiah', 'مجموع فتاوى شيخ الاسلام احمد بن تيمية', 'محمد', 'الحنبلى', 'Maktabet Al-Nahdah Al-Hadithah', '1404 H', '', 'Aqeedah', 'B', 'A', 'Volume 27', '-', 81, 196, 3, 1),
(281, 43, 'Majmoua Fatawa Shiekh Al-Islam Ahmed Ibn Taimiah', 'مجموع فتاوى شيخ الاسلام احمد بن تيمية', 'محمد', 'الحنبلى', 'Maktabet Al-Nahdah Al-Hadithah', '1404 H', '', 'Aqeedah', 'B', 'A', 'Volume 28', '-', 81, 196, 3, 1),
(282, 43, 'Majmoua Fatawa Shiekh Al-Islam Ahmed Ibn Taimiah', 'مجموع فتاوى شيخ الاسلام احمد بن تيمية', 'محمد', 'الحنبلى', 'Maktabet Al-Nahdah Al-Hadithah', '1404 H', '', 'Aqeedah', 'B', 'A', 'Volume 29', '-', 81, 196, 3, 1),
(283, 43, 'Majmoua Fatawa Shiekh Al-Islam Ahmed Ibn Taimiah', 'مجموع فتاوى شيخ الاسلام احمد بن تيمية', 'محمد', 'الحنبلى', 'Maktabet Al-Nahdah Al-Hadithah', '1404 H', '', 'Aqeedah', 'B', 'A', 'Volume 30', '-', 81, 196, 3, 1),
(284, 43, 'Majmoua Fatawa Shiekh Al-Islam Ahmed Ibn Taimiah', 'مجموع فتاوى شيخ الاسلام احمد بن تيمية', 'محمد', 'الحنبلى', 'Maktabet Al-Nahdah Al-Hadithah', '1404 H', '', 'Aqeedah', 'B', 'A', 'Volume 31', '-', 81, 196, 3, 1),
(285, 43, 'Majmoua Fatawa Shiekh Al-Islam Ahmed Ibn Taimiah', 'مجموع فتاوى شيخ الاسلام احمد بن تيمية', 'محمد', 'الحنبلى', 'Maktabet Al-Nahdah Al-Hadithah', '1404 H', '', 'Aqeedah', 'B', 'A', 'Volume 32', '-', 81, 196, 3, 1),
(286, 43, 'Majmoua Fatawa Shiekh Al-Islam Ahmed Ibn Taimiah', 'مجموع فتاوى شيخ الاسلام احمد بن تيمية', 'محمد', 'الحنبلى', 'Maktabet Al-Nahdah Al-Hadithah', '1404 H', '', 'Aqeedah', 'B', 'A', 'Volume 33', '-', 81, 196, 3, 1),
(287, 43, 'Majmoua Fatawa Shiekh Al-Islam Ahmed Ibn Taimiah', 'مجموع فتاوى شيخ الاسلام احمد بن تيمية', 'محمد', 'الحنبلى', 'Maktabet Al-Nahdah Al-Hadithah', '1404 H', '', 'Aqeedah', 'B', 'A', 'Volume 34', '-', 81, 196, 3, 1),
(288, 43, 'Majmoua Fatawa Shiekh Al-Islam Ahmed Ibn Taimiah', 'مجموع فتاوى شيخ الاسلام احمد بن تيمية', 'محمد', 'الحنبلى', 'Maktabet Al-Nahdah Al-Hadithah', '1404 H', '', 'Aqeedah', 'B', 'A', 'Volume 35', '-', 81, 196, 3, 1),
(289, 43, 'Majmoua Fatawa Shiekh Al-Islam Ahmed Ibn Taimiah', 'مجموع فتاوى شيخ الاسلام احمد بن تيمية', 'محمد', 'الحنبلى', 'Maktabet Al-Nahdah Al-Hadithah', '1404 H', '', 'Aqeedah', 'B', 'A', 'Volume 36', '-', 81, 196, 3, 1),
(290, 43, 'Majmoua Fatawa Shiekh Al-Islam Ahmed Ibn Taimiah', 'مجموع فتاوى شيخ الاسلام احمد بن تيمية', 'محمد', 'الحنبلى', 'Maktabet Al-Nahdah Al-Hadithah', '1404 H', '', 'Aqeedah', 'B', 'A', 'Volume 37', '-', 81, 196, 3, 1),
(291, 43, 'Al-Sawaaeq Al-Moursalah Ala Al-Jahmiah w al-Mouatelah', 'الصواعق المرسلة على الجهمية والمعطلة', 'شمس الدين', 'ابن قيم الجوزية', 'Darrulaseemah', '1408 H', '1', 'Aqeedah', 'B', 'A', 'Volume 2', '-', 82, 97, 3, 1),
(292, 43, 'Al-Sawaaeq Al-Moursalah Ala Al-Jahmiah w al-Mouatelah', 'الصواعق المرسلة على الجهمية والمعطلة', 'شمس الدين', 'ابن قيم الجوزية', 'Darrulaseemah', '1409 H', '1', 'Aqeedah', 'B', 'A', 'Volume 3', '-', 82, 97, 3, 1),
(293, 43, 'Al-Sawaaeq Al-Moursalah Ala Al-Jahmiah w al-Mouatelah', 'الصواعق المرسلة على الجهمية والمعطلة', 'شمس الدين', 'ابن قيم الجوزية', 'Darrulaseemah', '1410 H', '1', 'Aqeedah', 'B', 'A', 'Volume 4', '-', 82, 97, 3, 1),
(294, 43, 'Fath Al-Majeed Sharh Ketab Al-Tawheed', 'فتح المجيد شرح كتاب التوحيد', 'عبدالرحمن', 'ال الشيخ', 'Al-Rea''asah Al-Amaah liedareet Al-Bouhouth Al-Elmiaah w Al-Eftaa'' w Al-Dawah w Al-Ershaad', '1983-1403 H', '', 'Aqeedah', 'B', 'A', '-', '-', 67, 38, 3, 1),
(295, 43, 'Shefaa Al-Soudour fe Zeyareet Al-Qoubour', 'شفاء الصدور فى زيارة المشاهد والقبور', 'زين الدين', 'الكرى', 'Al-Rea''asah Edareet Al-Bouhouth Al-Elmiaah w Al-Eftaa'' ', '1997-1418 H', '1', 'Aqeedah', 'B', 'A', '-', '9960-11-062-1', 83, 39, 3, 1),
(296, 43, 'Maarej Al-Qaboul', 'معارج القبول', 'حافظ', 'الحكمى', 'Dar Ibn Al-Haitham', '2004/1424 H', '-', 'Aqeedah', 'B', 'A', 'Volume 1', '-', 84, 69, 3, 1),
(297, 43, 'Maarej Al-Qaboul', 'معارج القبول', 'حافظ', 'الحكمى', 'Dar Ibn Al-Haitham', '2004/1424 H', '-', 'Aqeedah', 'B', 'A', 'Volume 2', '-', 84, 69, 3, 1),
(298, 44, 'Kashf Al-Mahjoub', 'كشف المحجوب', 'ابو الحسن', 'الهجويرى', 'Darrultourath Al-Arabi', '-', '-', 'Aqeedah', 'B', 'A', '-', '977-7268-2-5', 85, 158, 3, 1),
(299, 44, 'Manaarat feltareeq', 'منارات الطريق', 'عبدالعزيز', 'الجليل', 'Dar Teebah', '2000/1421 H', '1', 'Aqeedah', 'B', 'A', '-', '9960-800-47-4', 86, 80, 3, 1),
(300, 44, 'Al-Kawaashef Al-Moudeah an la''ala'' Resaalat Al-Oubodeiah ', 'الكواشف المضيئة عن لالئ رسالة العبودية', 'ياسر', 'بورهامى', 'Darrulimaan', '2004', '', 'Aqeedah', 'B', 'A', '-', '977-331-349-2', 87, 116, 3, 1),
(301, 44, 'Mathaahb Fekriah fe Al-Mezaan', 'مذاهب فكرية فى الميزان', 'علاء', 'بكر', 'Darrulaqeedah', '2002', '', 'Aqeedah', 'B', 'A', '-', '977-347-636-9', 88, 94, 3, 1),
(302, 44, 'Qathaae`f Al-Haq', 'قذائف الحق', 'محمد', 'الغزالى', 'Darrulqalam', '1997/1418 H', '2', 'Aqeedah', 'B', 'A', '-', '-', 27, 138, 3, 1),
(303, 44, 'Al-Imaan (Arkaanh-Haqeeqatouh-Nawaaqedouh)', 'الايمان (اركانه-حقيقته-نواقضه)', 'محمد', 'ياسين', 'Darrulforqaan', '1986', '', 'Aqeedah', 'B', 'A', '-', '-', 89, 111, 3, 1),
(304, 44, 'Sharh Al-Aqeedah Al-Waasteeah', 'شرح العقيدة الواسطية', 'صالح', 'الفوزان', 'Al-Rea''asah Edareet Al-Bouhouth Al-Elmiaah w Al-Eftaa'' ', '2000/1420 H', '6', 'Aqeedah', 'B', 'A', '-', '9960-11-115-6', 90, 39, 3, 1),
(305, 44, 'Al-Diaa'' Al-Lamea men AL-khtab Al-Jawamea', 'الضياء اللامع من الخطب الجوامع', 'محمد', 'بن عثيمين', 'Maktabet Jada', '', '2', 'Aqeedah', 'B', 'A', '-', '-', 91, 204, 3, 1),
(306, 44, 'Al-Majmoua Al-Thameen', 'المجموع الثمين', 'فهد', 'السلمان', 'Darrulwataan', '1410 H', '1', 'Aqeedah', 'B', 'A', '-', '-', 92, 162, 3, 1),
(307, 44, 'Al-Ebadah felislaam', 'العبادة فى الاسلام', 'يوسف', 'القرضاوى', 'Maktabeet Wahbah', '1995/1416 H', '26', 'Aqeedah', 'B', 'A', '-', '977-307-043-3', 58, 179, 3, 1),
(308, 44, 'Bayinaah Al-Hal Al-Islaami W Shoubhaat Al-Almaaneen w Al-Mouktarbeen', 'بينات الحل الاسلامى وشبهات العلمانيين والمغتربين', 'يوسف', 'القرضاوى', 'Moua''saset Al-Resaalah', '1988/1409 H', '1', 'Aqeedah', 'B', 'A', '-', '-', 58, 221, 3, 1),
(309, 44, 'Sharh Al-Aqeedah Al-Waasteeah', 'شرح العقيدة الواسطية', 'محمد', 'هراس', 'Al-Jaamah Al-Islamiah Belmadinah Al-Monawarah', '-', '7', 'Aqeedah', 'B', 'A', '-', '-', 93, 13, 3, 1),
(310, 44, 'Sharh Al-Aqeedah Al-Waasteeah', 'شرح العقيدة الواسطية', 'محمد', 'هراس', 'Al-Jaamah Al-Islamiah Belmadinah Al-Monawarah', '-', '8', 'Aqeedah', 'B', 'A', '-', '-', 93, 13, 3, 1),
(311, 44, 'Sharh Al-Aqeedah Al-Waasteeah', 'شرح العقيدة الواسطية', 'محمد', 'هراس', 'Al-Jaamah Al-Islamiah Belmadinah Al-Monawarah', '-', '8', 'Aqeedah', 'B', 'A', '-', '-', 93, 13, 3, 1),
(312, 44, 'Ketaab Al-Tawheed', 'كتاب التوحيد', 'محمد', 'عبدالوهاب', 'Al-Jaamah Al-Islamiah Belmadinah Al-Monawarah', '1904 H', '7', 'Aqeedah', 'B', 'A', '-', '-', 94, 13, 3, 1),
(313, 44, 'Ketaab Al-Tawheed', 'كتاب التوحيد', 'الحافظ', 'بن منده', 'Al-Jaamah Al-Islamiah Belmadinah Al-Monawarah', '1409 H', '1', 'Aqeedah', 'B', 'A', '-', '-', 95, 13, 3, 1),
(314, 44, 'Al-Ibanaah an Osoul Al-Diaanah', 'الابانة عن اصول الديانة', 'حماد', 'الانصارى', 'Al-Jaamah Al-Islamiah Belmadinah Al-Monawarah', '1409 H', '5', 'Aqeedah', 'B', 'A', '-', '-', 96, 13, 3, 1),
(315, 44, 'Al-Ibanaah an Osoul Al-Diaanah', 'الابانة عن اصول الديانة', 'حماد', 'الانصارى', 'Al-Jaamah Al-Islamiah Belmadinah Al-Monawarah', '1409 H', '5', 'Aqeedah', 'B', 'A', '-', '-', 96, 13, 3, 1),
(316, 44, 'Resaalat Al-Shirk w Mathahirouh', 'رسالة الشرك ومظاهره', 'مبارك', 'الميلى', 'Al-Jaamah Al-Islamiah Belmadinah Al-Monawarah', '1408 H', '2', 'Aqeedah', 'B', 'A', '-', '-', 97, 13, 3, 1),
(317, 44, 'Asmaa Alhaah w Sefaatouh fe Moutaqad Ahl As-Sunna w Jamaah', 'اسماء الله وصفاته فى معتقد اهل السنة', 'عمر', 'الاشقر', 'Darrulnafa''aes', '2003/1424 H', '6', 'Aqeedah', 'B', 'A', '-', '-', 63, 134, 3, 1),
(318, 44, 'Khasa''es Al-Shariah Al-Islaamiah', 'خصائص الشريعة الاسلامية', 'عمر', 'الاشقر', 'Maktabet Al-Falaah', '1982 H', '1', 'Aqeedah', 'B', 'A', '-', '-', 63, 184, 3, 1),
(319, 44, 'Al-Aqeedah Fellaah', 'العقيدة فى الله', 'عمر', 'الاشقر', 'Maktabet Al-Falaah', '1984', '5', 'Aqeedah', 'B', 'A', '-', '-', 63, 184, 3, 1),
(320, 44, 'Al-Yaoum Al-Akhar-Al-Qiyaamah Al-Koubraa', 'اليوم الاخر- القيامة الكبرى', 'عمر', 'الاشقر', 'Maktabet Al-Falaah', '1986/1407 H', '1', 'Aqeedah', 'B', 'A', '-', '-', 63, 184, 3, 1),
(321, 44, 'Al-Yaoum Al-Akhar-Al-Qiyaamah Al-Koubraa', ' القيامة الكبرى', 'عمر', 'الاشقر', 'Darrulnafa''aes', '2000/1421 H', '9', 'Aqeedah', 'B', 'A', '-', '-', 63, 134, 3, 1),
(322, 44, 'Al-Qiyaamah Al-Koubraa', ' القيامة الكبرى', 'عمر', 'الاشقر', 'Darrulnafa''aes', '2004/1423 H', '13', 'Aqeedah', 'B', 'A', '-', '-', 63, 134, 3, 1),
(323, 44, 'Al-Youm Al-Akhar - Al-Qiyaamah Al-Sougraa', 'اليوم الاخر- القيامة الصغرى', 'عمر', 'الاشقر', 'Maktabet Al-Falaah', '1986/1406 H', '1', 'Aqeedah', 'B', 'A', '-', '-', 63, 184, 3, 1),
(324, 44, 'Al-Qiyaamah Al-Sougraa', 'القيامة الصغرى', 'عمر', 'الاشقر', 'Darrulnafa''aes', '2004/1423 H', '13', 'Aqeedah', 'B', 'A', '-', '-', 63, 134, 3, 1),
(325, 44, 'Al-Yaoum Al-Akher- Al-Jannah w Al-Nnaar', 'اليوم الاخر- الجنة والنار', 'عمر', 'الاشقر', 'Darrulnafa''aes', '1999/1419 H', '8', 'Aqeedah', 'B', 'A', '-', '-', 63, 134, 3, 1),
(326, 44, 'Al-Yaoum Al-Akher- Al-Jannah w Al-Nnaar', 'اليوم الاخر- الجنة والنار', 'عمر', 'الاشقر', 'Darrulnafa''aes', '1998/1418 H', '7', 'Aqeedah', 'B', 'A', '-', '-', 63, 134, 3, 1),
(327, 44, 'Al-Yaoum Al-Akher- Al-Jannah w Al-Nnaar', 'اليوم الاخر- الجنة والنار', 'عمر', 'الاشقر', 'Maktabet Al-Falaah', '1988//1408 H', '2', 'Aqeedah', 'B', 'A', '-', '-', 63, 184, 3, 1),
(328, 44, 'Al-Jannah w Al-Nnaar', 'الجنة والنار', 'عمر', 'الاشقر', 'Darrulnafa''aes', '2004/1423 H', '12', 'Aqeedah', 'B', 'A', '-', '-', 63, 134, 3, 1),
(329, 44, 'Al-Qadaa w Al-Qadar', 'القضاء والقدر', 'عمر', 'الاشقر', 'Darrulnafa''aes', '2002/1423 H', '8', 'Aqeedah', 'B', 'A', '-', '-', 63, 134, 3, 1),
(330, 44, 'Al-Qadaa w Al-Qadar', 'القضاء والقدر', 'عمر', 'الاشقر', 'Darrulnafa''aes', '2000/1431 H', '5', 'Aqeedah', 'B', 'A', '-', '-', 63, 134, 3, 1),
(331, 44, 'Al-Qadaa w Al-Qadar', 'القضاء والقدر', 'عمر', 'الاشقر', 'Darrulnafa''aes', '1990/1410 H', '1', 'Aqeedah', 'B', 'A', '-', '-', 63, 134, 3, 1),
(332, 44, 'Al-Qadaa w Al-Qadar', 'القضاء والقدر', 'عمر', 'الاشقر', 'Darrulnafa''aes', '1991/1411 H', '3', 'Aqeedah', 'B', 'A', '-', '-', 63, 134, 3, 1),
(333, 44, 'Al-Rousl w Al-Resaalat', 'الرسل و الرسالات', 'عمر', 'الاشقر', 'Maktabet Al-Falaah', '1985/1405 H', '3', 'Aqeedah', 'B', 'A', '-', '-', 63, 184, 3, 1),
(334, 44, 'Al-Rousl w Al-Resaalat', 'الرسل و الرسالات', 'عمر', 'الاشقر', 'Maktabet Al-Falaah', '1985/1405 H', '3', 'Aqeedah', 'B', 'A', '-', '-', 63, 184, 3, 1),
(335, 44, 'Al-Rousl w Al-Resaalat', 'الرسل و الرسالات', 'عمر', 'الاشقر', 'Darrulnafa''aes', '1999/1419 H', '8', 'Aqeedah', 'B', 'A', '-', '-', 63, 134, 3, 1),
(336, 44, 'Alaam Al-Malaa''ekah Al-Abraar', 'عالم الملائكة الابرار', 'عمر', 'الاشقر', 'Darrulnafa''aes', '1991/1411 H', '6', 'Aqeedah', 'B', 'A', '-', '-', 63, 134, 3, 1),
(337, 44, 'Alaam Al-Jen walshiaateen', 'عالم الجن والشياطين', 'عمر', 'الاشقر', 'Darrulnafa''aes', '1991/1412 H', '6', 'Aqeedah', 'B', 'A', '-', '-', 63, 134, 3, 1),
(338, 44, 'Weqaayat Al-nsaan men Al-Jen walshiaateen', 'وقاية الانسان من الجن والشياطين', 'ابوبكر', 'الجزائرى', 'Al-Bahseer', '1987', '', 'Aqeedah', 'B', 'A', '-', '977-1685-1-5', 79, 5, 3, 1),
(339, 44, 'Al-Jen felQur''an walsunnah', 'الجن فى القران والسنة', 'ولى', 'شاه ز الدين', 'Darrulbashaae''r Al-Islamiah', '1996/1416 H', '1', 'Aqeedah', 'B', 'A', '-', '-', 98, 98, 3, 1),
(340, 44, 'As-saarem Al-Bataar feltasadi lilsahrah Al-Abraar', 'الصارم البتار فى التصدى للسحرة الاشرار', 'وحيد', 'بالى', 'Maktabet As-Sahaabah', '1412 H', '2', 'Aqeedah', 'B', 'A', '-', '-', 99, 200, 3, 1),
(341, 44, 'Al-Aqeedah Al-Tahaawiah-Shrah w Taleeq', 'العقيدة الطحاوية-شرح وتعليق', 'محمد', 'الالبانى', 'Al-Maktab Al-Islami', '1978/1398 H', '1', 'Aqeedah', 'B', 'A', '-', '-', 40, 21, 3, 1),
(342, 44, 'Al-Millal w All-Nahl Al-Waaredah fe Ketab Al-Ansaab', 'الملل والنحل الواردة فى كتاب الانساب', 'عبدالله', 'البراك', 'Dar Al-Watan', '1996/1417 H', '1', 'Aqeedah', 'B', 'A', '-', '9960-28-068-3', 100, 63, 3, 1),
(343, 44, 'Tawheed As-sefaat baina As-salaf w Ta''weel Al-khalaf', 'توحيد الصفات بين اعتقاد السلف وتاويلات الخلف', 'محمود', 'على', 'Dar Nour Al-Islaam', '1994-1445/1414-1415 ', '2', 'Aqeedah', 'B', 'A', '-', '977-00-3230-1', 101, 79, 3, 1),
(344, 44, 'Tareef Aam Bedeen Al-Islaam', 'تعريف عام بدين الاسلام', 'على', 'الطنطاوى', 'Darrulresaalah', '1984/1404 H', '13', 'Aqeedah', 'B', 'A', '-', '-', 102, 146, 3, 1),
(345, 44, 'Mouaweeqat Tatbeeq Al-Shareeha Al-Islaamiah', 'معوقات تطبيق الشرسعة الاسلامية', 'مناع', 'القطان', '-', '-', '-', 'Aqeedah', 'B', 'A', '-', '-', 26, 227, 3, 1),
(346, 44, 'Ahl As-sunna wal-Jamaah-Ma''aleem Al-Entelaaqah Al-Koubraa', 'اهل السنة والجماعة-معالم الانطلاقة الكبرى', 'محمد', 'المصرى', 'Dar Teebah', '1988/1408 H', '2', 'Aqeedah', 'B', 'A', '.', '-', 103, 80, 3, 1),
(347, 44, 'Ahl As-sunna wal-Jamaah-Ma''aleem Al-Entelaaqah Al-Koubraa', 'اهل السنة والجماعة-معالم الانطلاقة الكبرى', 'محمد', 'المصرى', 'Dar Teebah', '1988/1408 H', '2', 'Aqeedah', 'B', 'A', '-', '-', 103, 80, 3, 1),
(348, 44, 'Ensaaf Ahl As-sunna waljamaah w Mouamalthoum limokhalefehoum ', 'انصاف اهل السنة والجماعة ومعاملتهم لمخالفيهم', 'محمد', 'العلى', 'Darrulandalous Al-Khadraa''', '1415 H', '', 'Aqeedah', 'B', 'A', '-', '9960-9006-8-1', 104, 93, 3, 1),
(349, 44, 'Bouhouth fe Aqeedat Ahl As-sunnah waljamaah', 'بحوث فى عقيدة اهل السنة والجماعة', 'ناصر', 'العقل', 'Darrulaseemah', '1998/1419 H', '2', 'Aqeedah', 'B', 'A', '-', '-', 105, 97, 3, 1),
(350, 44, 'Hokm Al-Entemaa'' Ela Al-Feraq walahzaab waljamaat Al-Islaameeah', 'حكم الانتماء الى الفرق والاحزاب والجماعات الاسلامية', 'بكر', 'ابو زيد', 'Dar Ibn Al-Jawzii', '1410 H', '2', 'Aqeedah', 'B', 'A', '-', '-', 106, 71, 3, 1),
(351, 44, 'Morajaat felfekr waldaawah walharakah', 'مراجعات فى الفكر والدعوة والحركة', 'عمر', 'حسنة', 'Al-Mahad Al-Alie lilfekr Al-Islaamii', '1991/1412 H', '1', 'Aqeedah', 'B', 'A', '-', '-', 107, 16, 3, 1),
(352, 45, 'Arresaalah Al-Qashriaah fe Elm Al-Tasawouf', 'الرسالة القشيرية فى علم التصوف', 'ابى القاسم', 'النيسابورى', 'Darrulkheir', '1995/1416 H', '2', 'Aqeedah', 'B', 'A', '-', '-', 108, 124, 3, 1),
(353, 45, 'Mafhoum Al-Qadar walhouriah Enda Awae''l As-Soufiah', 'مفهوم القدر و الحرية عند اوائل الصوفية', 'محمود', 'عبدالرازق', 'Hajjaj', '1995/1416 H', '1', 'Aqeedah', 'B', 'A', '-', '-', 109, 168, 3, 1),
(354, 45, 'Al-Tasouf ', 'التصوف', 'احسان', 'ظهير', 'Edaret Tarjoumaan As-sunnah', '1986/1406 H', '1', 'Aqeedah', 'B', 'A', '-', '-', 110, 164, 3, 1),
(355, 45, 'As-sheeah walQura''an', 'الشيعة والقران', 'احسان', 'ظهير', 'Edaret Tarjoumaan As-sunnah', '1983/1403 H', '3', 'Aqeedah', 'B', 'A', '-', '-', 110, 164, 3, 1),
(356, 45, 'As-Sheeah w Ahl Al-bayet', 'الشيعة واهل البيت', 'احسان', 'ظهير', 'Edaret Tarjoumaan As-sunnah', '-', '-', 'Aqeedah', 'B', 'A', '-', '-', 110, 164, 3, 1),
(357, 45, 'Moukhtasar Al-Touhfah Al-Ethnaa Ashar', 'مختصر التحفة الاثتى عشر', 'محمود', 'الالوسى', '-', '1979/1399 H', '-', 'Aqeedah', 'B', 'A', '-', '-', 111, 227, 3, 1),
(358, 45, 'Moukhtasar Al-Touhfah Al-Ethnaa Ashar', 'مختصر التحفة الاثتى عشر', 'محمود', 'الالوسى', '-', '1979/1399 H', '-', 'Aqeedah', 'B', 'A', '-', '-', 111, 227, 3, 1),
(359, 45, 'Mouqaaranat Al-Adyaan- Al-Yahoudieah', 'مقارنة الاديان-اليهودية', 'احمد', 'شلبى', ' Maktabet Al-Nahdah Al-Masrieah', '1993', '11', 'Aqeedah', 'B', 'A', 'Volume 1', '977-200-035-0', 112, 0, 3, 1),
(360, 45, 'Mouqaaranat Al-Adyaan- Al-Maseehiiah', 'مقارنة الاديان-المسيحية', 'احمد', 'شلبى', ' Maktabet Al-Nahdah Al-Masrieah', '1977', '5', 'Aqeedah', 'B', 'A', 'Volume 2', '-', 112, 0, 3, 1),
(361, 45, 'Mohaadarrat felnasraaniah', 'محاضرات فى النصرانية', 'محمد', 'ابو زهرة', 'Darrulfekr Al-Arabi', '-', '3', 'Aqeedah', 'B', 'A', '-', '-', 113, 108, 3, 1),
(362, 45, 'Haqeeqat Al-Elaaqah bayna Al-Yahoud walnnasaarah', 'حقيقة العلاقة بين اليهود والنصارى', 'احمد', 'زايد', 'Darrulmaali', '2000/1420 H', '1', 'Aqeedah', 'B', 'A', '-', '-', 114, 130, 3, 1),
(363, 45, 'Al-maousouah Al-Mouyasarah feladyaan walmathaheb Al-Mouasraah', 'الموسوعة الميسرة فى الاديان والمذاهب المعاصرة', '-', '-', 'Al-Nadwah Al-Elmiaah lilshabab Al-Islaami', '1989/1409 H', '2', 'Aqeedah', 'B', 'A', '-', '-', 37, 32, 3, 1),
(364, 45, 'Al-Almaaniah- Al-Nnasah walathar', 'العلمانية-النشأة والاثر', 'زكريا', 'فايد', 'Azzhraa'' lilelaam Al-Arabi', '1988/1408 H', '1', 'Aqeedah', 'B', 'A', '-', '-', 115, 47, 3, 1),
(365, 45, 'Al-Mouwajaaha bayna Al-Islaam walamaaneeah', 'المواجهة بين الاسلام والعالمانية', 'محمد', 'الصاوى', 'Al-Aafaaq Al-Dawliah lilealaam', '1413 H', '1', 'Aqeedah', 'B', 'A', '-', '-', 116, 2, 3, 1),
(366, 45, 'Derasaat felfarq ', 'دراسات فى الفرق', 'صابر', 'طعيمة', 'Maktabet Al-Maaref', '1983/1404 H', '2', 'Aqeedah', 'B', 'A', '-', '-', 117, 190, 3, 1),
(367, 45, 'Al-Mouwajaaha bayna Al-Islaam walamaaneeah', 'المواجهة بين الاسلام والعالمانية', 'صلاح', 'الصاوى', 'Al-Aafaaq Al-Dawliah lilealaam', '1993/1413 H', '2', 'Aqeedah', 'B', 'A', '-', '977-5271-03-7', 118, 2, 3, 1),
(368, 52, 'Fataawa Al-Nisaa', 'فتاوى النساء', 'ابراهيم', 'الجمل', 'Darrulriyaad', '1409 H', '4', 'Fiqh', 'B', 'A', '-', '-', 123, 147, 4, 1),
(410, 53, 'Haasheat Al-Rawd Al-Morbea-Sharh Zad Al-Moustanqa', 'حاشية الروض المربع-شرح زاد المستنقع', 'عبدالرحمن', 'النجدى', '', '1994/1414 H', '6', 'Fiqh', 'B', 'A', 'Volume 1', '', 124, 228, 4, 1),
(369, 51, 'Al-Mouta'' Liemaam Al-A''ema''ah w Aalem Al-Madinah ', 'الموطأ لامام الائمة وعالم المدينة مالك بن انس', 'محمد', 'عبدالباقى', 'Dar Ehiaa'' Al-Kutub Al-Arabiah', '', '', 'Fiqh', 'B', 'A', 'Volume 1,2', '', 45, 67, 4, 1),
(370, 51, 'Taeseer Al-Alaam-Sharh Omdat Al-Ahkaam Malik Ibn Anas', 'تيسير العلام-شرح عمدة الاحكام', 'عبد الله', 'ال بسام', 'Darrulzakhe''r', '1999/1419 H', '10', 'Fiqh', 'B', 'A', 'Volume 2', '', 119, 163, 4, 1),
(371, 51, 'Taeseer Al-Alaam-Sharh Omdat Al-Ahkaam', 'تيسير العلام-شرح عمدة الاحكام', 'عبد الله', 'ال بسام', 'Darrulzakhe''r', '1999/1419 H', '10', 'Fiqh', 'B', 'A', 'Volume 2', '', 119, 163, 4, 1),
(372, 51, 'Taeseer Al-Alaam-Sharh Omdat Al-Ahkaam', 'تيسير العلام-شرح عمدة الاحكام', 'عبد الله', 'ال بسام', 'Maktabet Jadah', '1987/1407 H', '7', 'Fiqh', 'B', 'A', 'Volume1', '', 119, 205, 4, 1),
(373, 51, 'Taeseer Al-Alaam-Sharh Omdat Al-Ahkaam', 'تيسير العلام-شرح عمدة الاحكام', 'عبد الله', 'ال بسام', 'Maktabet Jadah', '1987/1407 H', '7', 'Fiqh', 'B', 'A', 'Volume2', '', 119, 205, 4, 1),
(374, 51, 'Taeseer Al-Alaam-Sharh Omdat Al-Ahkaam', 'تيسير العلام-شرح عمدة الاحكام', 'عبد الله', 'ال بسام', 'Maktabet Jadah', '1987/1407 H', '7', 'Fiqh', 'B', 'A', 'Volume3', '', 119, 205, 4, 1),
(375, 51, 'Al-Mougni', 'المغنى', '', 'ابن قدامة', 'Hajr', '1992/1412 H', '2', 'Fiqh', 'B', 'A', 'Volume 1', '', 120, 169, 4, 1),
(376, 51, 'Al-Mougni', 'المغنى', '', 'ابن قدامة', 'Hajr', '1992/1412 H', '2', 'Fiqh', 'B', 'A', 'Volume 2', '', 120, 169, 4, 1),
(377, 51, 'Al-Mougni', 'المغنى', '', 'ابن قدامة', 'Hajr', '1992/1412 H', '2', 'Fiqh', 'B', 'A', 'Volume 3', '', 120, 169, 4, 1),
(378, 51, 'Al-Mougni', 'المغنى', '', 'ابن قدامة', 'Hajr', '1992/1412 H', '2', 'Fiqh', 'B', 'A', 'Volume 4', '', 120, 169, 4, 1),
(379, 51, 'Al-Mougni', 'المغنى', '', 'ابن قدامة', 'Hajr', '1992/1412 H', '2', 'Fiqh', 'B', 'A', 'Volume 5', '', 120, 169, 4, 1),
(380, 51, 'Al-Mougni', 'المغنى', '', 'ابن قدامة', 'Hajr', '1992/1412 H', '2', 'Fiqh', 'B', 'A', 'Volume 6', '', 120, 169, 4, 1),
(381, 51, 'Al-Mougni', 'المغنى', '', 'ابن قدامة', 'Hajr', '1992/1412 H', '2', 'Fiqh', 'B', 'A', 'Volume 7', '', 120, 169, 4, 1),
(382, 51, 'Al-Mougni', 'المغنى', '', 'ابن قدامة', 'Hajr', '1992/1412 H', '2', 'Fiqh', 'B', 'A', 'Volume 8', '', 120, 169, 4, 1),
(383, 51, 'Al-Mougni', 'المغنى', '', 'ابن قدامة', 'Hajr', '1992/1412 H', '2', 'Fiqh', 'B', 'A', 'Volume 9', '', 120, 169, 4, 1),
(384, 51, 'Al-Mougni', 'المغنى', '', 'ابن قدامة', 'Hajr', '1992/1412 H', '2', 'Fiqh', 'B', 'A', 'Volume 10', '', 120, 169, 4, 1),
(385, 51, 'Al-Mougni', 'المغنى', '', 'ابن قدامة', 'Hajr', '1992/1412 H', '2', 'Fiqh', 'B', 'A', 'Volume 11', '', 120, 169, 4, 1),
(386, 51, 'Al-Mougni', 'المغنى', '', 'ابن قدامة', 'Hajr', '1992/1412 H', '2', 'Fiqh', 'B', 'A', 'Volume 12', '', 120, 169, 4, 1),
(387, 51, 'Al-Mougni', 'المغنى', '', 'ابن قدامة', 'Hajr', '1992/1412 H', '2', 'Fiqh', 'B', 'A', 'Volume 13', '', 120, 169, 4, 1),
(388, 51, 'Al-Mougni', 'المغنى', '', 'ابن قدامة', 'Hajr', '1992/1412 H', '2', 'Fiqh', 'B', 'A', 'Volume 14', '', 120, 169, 4, 1),
(389, 51, 'Al-Mougni', 'المغنى', '', 'ابن قدامة', 'Hajr', '1992/1412 H', '2', 'Fiqh', 'B', 'A', 'Volume 15', '', 120, 169, 4, 1),
(390, 52, 'Al-Mougni', 'المغنى', 'عبدالله', 'المقدسى', 'Alaam Al-Koutub', '-', '-', 'Fiqh', 'B', 'A', 'Volume 1', '-', 121, 41, 4, 1),
(391, 52, 'Al-Mougni', 'المغنى', 'عبدالله', 'المقدسى', 'Alaam Al-Koutub', '-', '-', 'Fiqh', 'B', 'A', 'Volume 2', '-', 121, 41, 4, 1),
(392, 52, 'Al-Mougni', 'المغنى', 'عبدالله', 'المقدسى', 'Alaam Al-Koutub', '-', '-', 'Fiqh', 'B', 'A', 'Volume 3', '-', 121, 41, 4, 1),
(393, 52, 'Al-Mougni', 'المغنى', 'عبدالله', 'المقدسى', 'Alaam Al-Koutub', '-', '-', 'Fiqh', 'B', 'A', 'Volume 4', '-', 121, 41, 4, 1),
(394, 52, 'Al-Mougni', 'المغنى', 'عبدالله', 'المقدسى', 'Alaam Al-Koutub', '-', '-', 'Fiqh', 'B', 'A', 'Volume 5', '-', 121, 41, 4, 1),
(395, 52, 'Al-Mougni', 'المغنى', 'عبدالله', 'المقدسى', 'Alaam Al-Koutub', '-', '-', 'Fiqh', 'B', 'A', 'Volume 6', '-', 121, 41, 4, 1),
(396, 52, 'Al-Mougni', 'المغنى', 'عبدالله', 'المقدسى', 'Alaam Al-Koutub', '-', '-', 'Fiqh', 'B', 'A', 'Volume 7', '-', 121, 41, 4, 1),
(397, 52, 'Al-Mougni', 'المغنى', 'عبدالله', 'المقدسى', 'Alaam Al-Koutub', '-', '-', 'Fiqh', 'B', 'A', 'Volume 8', '-', 121, 41, 4, 1),
(398, 52, 'Al-Mougni', 'المغنى', 'عبدالله', 'المقدسى', 'Alaam Al-Koutub', '-', '-', 'Fiqh', 'B', 'A', 'Volume 9', '-', 121, 41, 4, 1),
(399, 52, 'Al-Moufasal Fe Ahkaam Al-Mar''aah', 'المفصل فى احكام المرأة', 'عبدالكريم', 'زيدان', 'Mou''asaset Al-Resalah', '1993/1413 H', '1', 'Fiqh', 'B', 'A', 'Volume 1', '-', 122, 217, 4, 1),
(400, 52, 'Al-Moufasal Fe Ahkaam Al-Mar''aah', 'المفصل فى احكام المرأة', 'عبدالكريم', 'زيدان', 'Mou''asaset Al-Resalah', '1993/1413 H', '1', 'Fiqh', 'B', 'A', 'Volume 2', '-', 122, 217, 4, 1),
(401, 52, 'Al-Moufasal Fe Ahkaam Al-Mar''aah', 'المفصل فى احكام المرأة', 'عبدالكريم', 'زيدان', 'Mou''asaset Al-Resalah', '1993/1413 H', '1', 'Fiqh', 'B', 'A', 'Volume 3', '-', 122, 217, 4, 1),
(402, 52, 'Al-Moufasal Fe Ahkaam Al-Mar''aah', 'المفصل فى احكام المرأة', 'عبدالكريم', 'زيدان', 'Mou''asaset Al-Resalah', '1993/1413 H', '1', 'Fiqh', 'B', 'A', 'Volume 4', '-', 122, 217, 4, 1),
(403, 52, 'Al-Moufasal Fe Ahkaam Al-Mar''aah', 'المفصل فى احكام المرأة', 'عبدالكريم', 'زيدان', 'Mou''asaset Al-Resalah', '1993/1413 H', '1', 'Fiqh', 'B', 'A', 'Volume 5', '-', 122, 217, 4, 1),
(404, 52, 'Al-Moufasal Fe Ahkaam Al-Mar''aah', 'المفصل فى احكام المرأة', 'عبدالكريم', 'زيدان', 'Mou''asaset Al-Resalah', '1993/1413 H', '1', 'Fiqh', 'B', 'A', 'Volume 6', '-', 122, 217, 4, 1),
(405, 52, 'Al-Moufasal Fe Ahkaam Al-Mar''aah', 'المفصل فى احكام المرأة', 'عبدالكريم', 'زيدان', 'Mou''asaset Al-Resalah', '1993/1413 H', '1', 'Fiqh', 'B', 'A', 'Volume 7', '-', 122, 217, 4, 1),
(406, 52, 'Al-Moufasal Fe Ahkaam Al-Mar''aah', 'المفصل فى احكام المرأة', 'عبدالكريم', 'زيدان', 'Mou''asaset Al-Resalah', '1993/1413 H', '1', 'Fiqh', 'B', 'A', 'Volume 8', '-', 122, 217, 4, 1),
(407, 52, 'Al-Moufasal Fe Ahkaam Al-Mar''aah', 'المفصل فى احكام المرأة', 'عبدالكريم', 'زيدان', 'Mou''asaset Al-Resalah', '1993/1413 H', '1', 'Fiqh', 'B', 'A', 'Volume 9', '-', 122, 217, 4, 1),
(408, 52, 'Al-Moufasal Fe Ahkaam Al-Mar''aah', 'المفصل فى احكام المرأة', 'عبدالكريم', 'زيدان', 'Mou''asaset Al-Resalah', '1993/1413 H', '1', 'Fiqh', 'B', 'A', 'Volume 10', '-', 122, 217, 4, 1),
(409, 52, 'Al-Moufasal Fe Ahkaam Al-Mar''aah', 'المفصل فى احكام المرأة', 'عبدالكريم', 'زيدان', 'Mou''asaset Al-Resalah', '1993/1413 H', '1', 'Fiqh', 'B', 'A', 'Volume 11', '-', 122, 217, 4, 1),
(411, 53, 'Haasheat Al-Rawd Al-Morbea-Sharh Zad Al-Moustanqa', 'حاشية الروض المربع-شرح زاد المستنقع', 'عبدالرحمن', 'النجدى', '', '1994/1414 H', '6', 'Fiqh', 'B', 'A', 'Volume 2', '', 124, 228, 4, 1),
(412, 53, 'Haasheat Al-Rawd Al-Morbea-Sharh Zad Al-Moustanqa', 'حاشية الروض المربع-شرح زاد المستنقع', 'عبدالرحمن', 'النجدى', '', '1994/1414 H', '6', 'Fiqh', 'B', 'A', 'Volume 3', '', 124, 228, 4, 1),
(413, 53, 'Haasheat Al-Rawd Al-Morbea-Sharh Zad Al-Moustanqa', 'حاشية الروض المربع-شرح زاد المستنقع', 'عبدالرحمن', 'النجدى', '', '1994/1414 H', '6', 'Fiqh', 'B', 'A', 'Volume 4', '', 124, 228, 4, 1),
(414, 53, 'Haasheat Al-Rawd Al-Morbea-Sharh Zad Al-Moustanqa', 'حاشية الروض المربع-شرح زاد المستنقع', 'عبدالرحمن', 'النجدى', '', '1994/1414 H', '6', 'Fiqh', 'B', 'A', 'Volume 5', '', 124, 228, 4, 1),
(415, 53, 'Haasheat Al-Rawd Al-Morbea-Sharh Zad Al-Moustanqa', 'حاشية الروض المربع-شرح زاد المستنقع', 'عبدالرحمن', 'النجدى', '', '1994/1414 H', '6', 'Fiqh', 'B', 'A', 'Volume 6', '', 124, 228, 4, 1),
(416, 53, 'Haasheat Al-Rawd Al-Morbea-Sharh Zad Al-Moustanqa', 'حاشية الروض المربع-شرح زاد المستنقع', 'عبدالرحمن', 'النجدى', '', '1994/1414 H', '6', 'Fiqh', 'B', 'A', 'Volume 7', '', 124, 228, 4, 1),
(417, 53, 'Al-Fataawa Al-Koubra lilemaam Ibn Taimiah', 'الفتاوى الكبرى للامام ابن تيمية', 'محمدمصطفى', 'عطا', 'DarrulKutub Al-Elmiah', '1987/1408 H', '1', 'Fiqh', 'B', 'A', 'Volume 1', '-', 125, 127, 4, 1),
(418, 53, 'Al-Fataawa Al-Koubra lilemaam Ibn Taimiah', 'الفتاوى الكبرى للامام ابن تيمية', 'محمدمصطفى', 'عطا', 'DarrulKutub Al-Elmiah', '1987/1408 H', '1', 'Fiqh', 'B', 'A', 'Volume 2', '-', 125, 127, 4, 1),
(419, 53, 'Al-Fataawa Al-Koubra lilemaam Ibn Taimiah', 'الفتاوى الكبرى للامام ابن تيمية', 'محمدمصطفى', 'عطا', 'DarrulKutub Al-Elmiah', '1987/1408 H', '1', 'Fiqh', 'B', 'A', 'Volume 3', '-', 125, 127, 4, 1),
(420, 53, 'Al-Fataawa Al-Koubra lilemaam Ibn Taimiah', 'الفتاوى الكبرى للامام ابن تيمية', 'محمدمصطفى', 'عطا', 'DarrulKutub Al-Elmiah', '1987/1408 H', '1', 'Fiqh', 'B', 'A', 'Volume 4', '-', 125, 127, 4, 1),
(421, 53, 'Al-Fataawa Al-Koubra lilemaam Ibn Taimiah', 'الفتاوى الكبرى للامام ابن تيمية', 'محمدمصطفى', 'عطا', 'DarrulKutub Al-Elmiah', '1987/1408 H', '1', 'Fiqh', 'B', 'A', 'Volume 5', '-', 125, 127, 4, 1),
(422, 53, 'Al-Fataawa Al-Koubra lilemaam Ibn Taimiah', 'الفتاوى الكبرى للامام ابن تيمية', 'محمدمصطفى', 'عطا', 'DarrulKutub Al-Elmiah', '1987/1408 H', '1', 'Fiqh', 'B', 'A', 'Volume 6', '-', 125, 127, 4, 1),
(423, 53, 'Aalaam Al-Mouqeen An Rab Al-Alameen', 'اعلام الموقعين عن رب العالمين', '-', 'ابن قيم الجوزية', 'Darrulhadith', '1993/1414 H', '1', 'Fiqh', 'B', 'A', 'Volume 1', '', 126, 113, 4, 1),
(424, 53, 'Aalaam Al-Mouqeen An Rab Al-Alameen', 'اعلام الموقعين عن رب العالمين', '-', 'ابن قيم الجوزية', 'Darrulhadith', '-', '-', 'Fiqh', 'B', 'A', 'Volume 2', '', 126, 113, 4, 1),
(425, 53, 'Aalaam Al-Mouqeen An Rab Al-Alameen', 'اعلام الموقعين عن رب العالمين', '-', 'ابن قيم الجوزية', 'Darrulhadith', '-', '-', 'Fiqh', 'B', 'A', 'Volume 3', '', 126, 113, 4, 1),
(426, 53, 'Aalaam Al-Mouqeen An Rab Al-Alameen', 'اعلام الموقعين عن رب العالمين', '-', 'ابن قيم الجوزية', 'Darrulhadith', '-', '-', 'Fiqh', 'B', 'A', 'Volume 4', '', 126, 113, 4, 1),
(427, 53, 'Manaar Al-Sabeel Fe Sharh Al-Daleel Ala Mathhad Al-Imaam Ahmed Ibn Hanbal', 'منار السبيل فى شرح الدليل على مذهب الامام احمد ابن حنبل', 'ابراهيم', 'بن ضويان', 'Darrulhadith', '2001/1422 H', '-', 'Fiqh', 'B', 'A', 'Volume 1', '', 127, 113, 4, 1),
(428, 53, 'Manaar Al-Sabeel Fe Sharh Al-Daleel Ala Mathhad Al-Imaam Ahmed Ibn Hanbal', 'منار السبيل فى شرح الدليل على مذهب الامام احمد ابن حنبل', 'ابراهيم', 'بن ضويان', 'Darrulhadith', '2001/1422 H', '-', 'Fiqh', 'B', 'A', 'Volume 2', '', 127, 113, 4, 1),
(429, 53, 'Soubl As-Sabeel-Sharh Boulok Al-Maraam men Adelat Al-Ahkaam', 'سبل السلام-شرح بلوغ المرام من ادلة الاحكام', 'محمد', 'الكحلانى', 'DarrulKutub Al-Elmiah', '-', '-', 'Fiqh', 'B', 'A', 'Volume 1,2', '', 128, 127, 4, 1),
(430, 53, 'Soubl As-Sabeel-Sharh Boulok Al-Maraam men Adelat Al-Ahkaam', 'سبل السلام-شرح بلوغ المرام من ادلة الاحكام', 'محمد', 'الصنعانى', 'Dar Al-Jeel', '1980/1400 H', '-', 'Fiqh', 'B', 'A', 'Volume 3', '', 129, 51, 4, 1),
(431, 53, 'Soubl As-Sabeel-Sharh Boulok Al-Maraam men Adelat Al-Ahkaam', 'سبل السلام-شرح بلوغ المرام من ادلة الاحكام', 'حسين', 'الحسينى', 'Jameet Al-Imaam Mohmed Ibn Soud Al-Islamiah', '1408 H', '4', 'Fiqh', 'B', 'A', 'Volume 3', '', 130, 175, 4, 1),
(432, 54, 'Fataawa Al-Lajnah Addaae''mah lilbouhouuth Al-Elmiah waleftaa', 'فتاوى اللجنة الدائمة للبحوث العلمية والافتاء', 'احمد', 'الدرويش', 'Darruaasemah', '1419 H', '3', 'Fiqh', 'B', 'A', 'Volume 1', '9960-011-036-2', 131, 89, 4, 1),
(433, 54, 'Fataawa Al-Lajnah Addaae''mah lilbouhouuth Al-Elmiah waleftaa', 'فتاوى اللجنة الدائمة للبحوث العلمية والافتاء', 'احمد', 'الدرويش', 'Darruaasemah', '1419 H', '3', 'Fiqh', 'B', 'A', 'Volume 2', '9960-011-036-2', 131, 89, 4, 1),
(434, 54, 'Fataawa Al-Lajnah Addaae''mah lilbouhouuth Al-Elmiah waleftaa', 'فتاوى اللجنة الدائمة للبحوث العلمية والافتاء', 'احمد', 'الدرويش', 'Darruaasemah', '1419 H', '3', 'Fiqh', 'B', 'A', 'Volume 3', '9960-011-036-2', 131, 89, 4, 1),
(435, 54, 'Fataawa Al-Lajnah Addaae''mah lilbouhouuth Al-Elmiah waleftaa', 'فتاوى اللجنة الدائمة للبحوث العلمية والافتاء', 'احمد', 'الدرويش', 'Darruaasemah', '1419 H', '3', 'Fiqh', 'B', 'A', 'Volume 4', '9960-011-036-2', 131, 89, 4, 1),
(436, 54, 'Fataawa Al-Lajnah Addaae''mah lilbouhouuth Al-Elmiah waleftaa', 'فتاوى اللجنة الدائمة للبحوث العلمية والافتاء', 'احمد', 'الدرويش', 'Darruaasemah', '1413 H', '1', 'Fiqh', 'B', 'A', 'Volume 5', '9960-011-036-2', 131, 89, 4, 1),
(437, 54, 'Fataawa Al-Lajnah Addaae''mah lilbouhouuth Al-Elmiah waleftaa', 'فتاوى اللجنة الدائمة للبحوث العلمية والافتاء', 'احمد', 'الدرويش', 'Darruaasemah', '1413 H', '1', 'Fiqh', 'B', 'A', 'Volume 5', '9960-011-036-2', 131, 89, 4, 1),
(438, 54, 'Fataawa Al-Lajnah Addaae''mah lilbouhouuth Al-Elmiah waleftaa', 'فتاوى اللجنة الدائمة للبحوث العلمية والافتاء', 'احمد', 'الدرويش', 'Darruaasemah', '1413 H', '1', 'Fiqh', 'B', 'A', 'Volume 6', '9960-011-036-2', 131, 89, 4, 1),
(439, 54, 'Fataawa Al-Lajnah Addaae''mah lilbouhouuth Al-Elmiah waleftaa', 'فتاوى اللجنة الدائمة للبحوث العلمية والافتاء', 'احمد', 'الدرويش', 'Darruaasemah', '1413 H', '1', 'Fiqh', 'B', 'A', 'Volume 7', '9960-011-036-2', 131, 89, 4, 1),
(440, 54, 'Fataawa Al-Lajnah Addaae''mah lilbouhouuth Al-Elmiah waleftaa', 'فتاوى اللجنة الدائمة للبحوث العلمية والافتاء', 'احمد', 'الدرويش', 'Darruaasemah', '1413 H', '1', 'Fiqh', 'B', 'A', 'Volume 8', '9960-011-036-2', 131, 89, 4, 1),
(441, 54, 'Fataawa Al-Lajnah Addaae''mah lilbouhouuth Al-Elmiah waleftaa', 'فتاوى اللجنة الدائمة للبحوث العلمية والافتاء', 'احمد', 'الدرويش', 'Darruaasemah', '1413 H', '1', 'Fiqh', 'B', 'A', 'Volume 9', '9960-011-036-2', 131, 89, 4, 1),
(442, 54, 'Fataawa Al-Lajnah Addaae''mah lilbouhouuth Al-Elmiah waleftaa', 'فتاوى اللجنة الدائمة للبحوث العلمية والافتاء', 'احمد', 'الدرويش', 'Darruaasemah', '1413 H', '1', 'Fiqh', 'B', 'A', 'Volume 10', '9960-011-036-2', 131, 89, 4, 1),
(443, 54, 'Fataawa Al-Lajnah Addaae''mah lilbouhouuth Al-Elmiah waleftaa', 'فتاوى اللجنة الدائمة للبحوث العلمية والافتاء', 'احمد', 'الدرويش', 'Darruaasemah', '1413 H', '1', 'Fiqh', 'B', 'A', 'Volume 11', '9960-011-036-2', 131, 89, 4, 1),
(444, 54, 'Fataawa Al-Lajnah Addaae''mah lilbouhouuth Al-Elmiah waleftaa', 'فتاوى اللجنة الدائمة للبحوث العلمية والافتاء', 'احمد', 'الدرويش', 'Darruaasemah', '1413 H', '1', 'Fiqh', 'B', 'A', 'Volume 12', '9960-011-036-2', 131, 89, 4, 1),
(445, 54, 'Fataawa Al-Lajnah Addaae''mah lilbouhouuth Al-Elmiah waleftaa', 'فتاوى اللجنة الدائمة للبحوث العلمية والافتاء', 'احمد', 'الدرويش', 'Darruaasemah', '1413 H', '1', 'Fiqh', 'B', 'A', 'Volume 13', '9960-011-036-2', 131, 89, 4, 1),
(446, 54, 'Al-Fataawaa Al-Islamiah men Darul Iftaa Almasriah', 'الفتاوى الاسلامية من دار الافتاء المصرية', 'جاد الحقجمال الدين', 'جاد الحقمحمود', 'Al-Ahraam', '1982/1402 H', '1', 'Fiqh', 'B', 'A', 'Volume 6', '977-03-0001-2', 132, 3, 4, 1),
(447, 54, 'Al-Fataawaa Al-Islamiah men Darul Iftaa Almasriah', 'الفتاوى الاسلامية من دار الافتاء المصرية', 'جاد الحقمحمدمحمدجمال الدين', 'جاد الحقمحجوبطنطاوىمحمود', '-', '1991/1411 H', '1', 'Fiqh', 'B', 'A', 'Volume 18', '-', 133, 227, 4, 1),
(448, 54, 'Hadiulislam-Fataawa Moaasrah', 'هدى الاسلام- فتاوى معاصرة', 'يوسف', 'القرضاوى', 'Darrulmarefah', '-', '1', 'Fiqh', 'B', 'A', 'Volume 1', '-', 58, 132, 4, 1),
(449, 54, 'Hadiulislam-Fataawa Moaasrah', 'هدى الاسلام- فتاوى معاصرة', 'يوسف', 'القرضاوى', 'Darrulmarefah', '-', '1', 'Fiqh', 'B', 'A', 'Volume 2', '-', 58, 132, 4, 1),
(450, 54, 'Ketab Masaa''el Al-Imaam Ahmed Ibn Hanbal', 'كتاب مسائل الامام احمد بن حنبل', 'على', 'المهنا', 'Maktabet Al-Dar Belmadinah Al-Monnawarah', '1986/1406 H', '1', 'Fiqh', 'B', 'A', 'Volume 1', '-', 134, 182, 4, 1),
(451, 54, 'Aalaam Al-Mouqeen An Rab Al-Alameen', 'اعلام الموقعين عن رب العالمين', 'ابن قيم', 'الجوزية', 'Darrulhadith', '-', '-', 'Fiqh', 'B', 'A', 'Volume 2', '-', 135, 113, 4, 1),
(452, 54, 'Khazenat As-Sraar - Jaleelat Al-Azkaar', 'خزينة الاسرار - جليلة الاذكار', 'السيد', 'النازلى', 'Maktabet Al-Manaar', '-', '-', 'Fiqh', 'B', 'A', '-', '-', 136, 192, 4, 1),
(453, 54, 'AL-Sief Al-Qateo lilnezaa', 'السيف القاطع للنزاع', 'محمد/اسماعيل', 'الفلاتى/الانصارى', 'Al-Re''aasah Al-Aamah ledaaraat Al-Behouth Al-Elmiah waleftaa'' waldawahh walershad', '1404 H', '2', 'Fiqh', 'B', 'A', '-', '', 137, 35, 4, 1);
INSERT INTO `book` (`Book_ID`, `Call_no`, `Title`, `Alt_Title`, `Author_Fname`, `Author_Lname`, `Publisher`, `Publication_date`, `Edition`, `Category`, `Format`, `Language`, `Comments`, `ISBN`, `Author_ID`, `Publisher_ID`, `Category_ID`, `Language_ID`) VALUES
(454, 54, 'Fiqh Ashraat Al-Shaah', 'فقه اشراط الساعة', 'محمد', 'المقدم', 'Al-Dar Al-Alamiah', '2003/1423 H', '-', 'Fiqh', 'B', 'A', '-', '', 138, 6, 4, 1),
(455, 55, 'Fataawa Al-Lajnah Addaae''mah lilbouhouuth Al-Elmiah waleftaa', 'فتاوى اللجنة الدائمة للبحوث العلمية والافتاء', 'احمد', 'الدرويش', 'Arrea`asaah Al-Ammah liedaraat Al-Bouhouuth Al-Elmiah waleftaa', '1411 H', '1', 'Fiqh', 'B', 'A', 'Volume 1', '-', 131, 44, 4, 1),
(456, 55, 'Fataawa Al-Lajnah Addaae''mah lilbouhouuth Al-Elmiah waleftaa', 'فتاوى اللجنة الدائمة للبحوث العلمية والافتاء', 'احمد', 'الدرويش', 'Arrea`asaah Al-Ammah liedaraat Al-Bouhouuth Al-Elmiah waleftaa', '1999/1419 H', '3', 'Fiqh', 'B', 'A', 'Volume 1', '-', 131, 44, 4, 1),
(457, 55, 'Fataawa Al-Lajnah Addaae''mah lilbouhouuth Al-Elmiah waleftaa', 'فتاوى اللجنة الدائمة للبحوث العلمية والافتاء', 'احمد', 'الدرويش', 'Arrea`asaah Al-Ammah liedaraat Al-Bouhouuth Al-Elmiah waleftaa', '1999/1419 H', '3', 'Fiqh', 'B', 'A', 'Volume 2', '-', 131, 44, 4, 1),
(458, 55, 'Fataawa Al-Lajnah Addaae''mah lilbouhouuth Al-Elmiah waleftaa', 'فتاوى اللجنة الدائمة للبحوث العلمية والافتاء', 'احمد', 'الدرويش', 'Arrea`asaah Al-Ammah liedaraat Al-Bouhouuth Al-Elmiah waleftaa', '1999/1419 H', '3', 'Fiqh', 'B', 'A', 'Volume 3', '-', 131, 44, 4, 1),
(459, 55, 'Fataawa Al-Lajnah Addaae''mah lilbouhouuth Al-Elmiah waleftaa', 'فتاوى اللجنة الدائمة للبحوث العلمية والافتاء', 'احمد', 'الدرويش', 'Arrea`asaah Al-Ammah liedaraat Al-Bouhouuth Al-Elmiah waleftaa', '1999/1419 H', '3', 'Fiqh', 'B', 'A', 'Volume 4', '-', 131, 44, 4, 1),
(460, 55, 'Fataawa Al-Lajnah Addaae''mah lilbouhouuth Al-Elmiah waleftaa', 'فتاوى اللجنة الدائمة للبحوث العلمية والافتاء', 'احمد', 'الدرويش', 'Arrea`asaah Al-Ammah liedaraat Al-Bouhouuth Al-Elmiah waleftaa', '1413 H', '1', 'Fiqh', 'B', 'A', 'Volume 5', '-', 131, 44, 4, 1),
(461, 55, 'Fataawa Al-Lajnah Addaae''mah lilbouhouuth Al-Elmiah waleftaa', 'فتاوى اللجنة الدائمة للبحوث العلمية والافتاء', 'احمد', 'الدرويش', 'Arrea`asaah Al-Ammah liedaraat Al-Bouhouuth Al-Elmiah waleftaa', '1996/1417 H', '1', 'Fiqh', 'B', 'A', 'Volume 8', '-', 131, 44, 4, 1),
(462, 55, 'Fataawa Al-Lajnah Addaae''mah lilbouhouuth Al-Elmiah waleftaa', 'فتاوى اللجنة الدائمة للبحوث العلمية والافتاء', 'احمد', 'الدرويش', 'Arrea`asaah Al-Ammah liedaraat Al-Bouhouuth Al-Elmiah waleftaa', '1996/1417 H', '1', 'Fiqh', 'B', 'A', 'Volume 8', '-', 131, 44, 4, 1),
(463, 55, 'Fataawa Al-Lajnah Addaae''mah lilbouhouuth Al-Elmiah waleftaa', 'فتاوى اللجنة الدائمة للبحوث العلمية والافتاء', 'احمد', 'الدرويش', 'Arrea`asaah Al-Ammah liedaraat Al-Bouhouuth Al-Elmiah waleftaa', '1996/1417 H', '1', 'Fiqh', 'B', 'A', 'Volume 9', '-', 131, 44, 4, 1),
(464, 55, 'Fataawa Al-Lajnah Addaae''mah lilbouhouuth Al-Elmiah waleftaa', 'فتاوى اللجنة الدائمة للبحوث العلمية والافتاء', 'احمد', 'الدرويش', 'Arrea`asaah Al-Ammah liedaraat Al-Bouhouuth Al-Elmiah waleftaa', '1996/1417 H', '1', 'Fiqh', 'B', 'A', 'Volume 10', '-', 131, 44, 4, 1),
(465, 55, 'Fataawa Al-Lajnah Addaae''mah lilbouhouuth Al-Elmiah waleftaa', 'فتاوى اللجنة الدائمة للبحوث العلمية والافتاء', 'احمد', 'الدرويش', 'Arrea`asaah Al-Ammah liedaraat Al-Bouhouuth Al-Elmiah waleftaa', '1996/1417 H', '1', 'Fiqh', 'B', 'A', 'Volume 11', '-', 131, 44, 4, 1),
(466, 55, 'Fataawa Al-Lajnah Addaae''mah lilbouhouuth Al-Elmiah waleftaa', 'فتاوى اللجنة الدائمة للبحوث العلمية والافتاء', 'احمد', 'الدرويش', 'Arrea`asaah Al-Ammah liedaraat Al-Bouhouuth Al-Elmiah waleftaa', '1996/1417 H', '1', 'Fiqh', 'B', 'A', 'Volume 12', '-', 131, 44, 4, 1),
(467, 55, 'Fataawa Al-Lajnah Addaae''mah lilbouhouuth Al-Elmiah waleftaa', 'فتاوى اللجنة الدائمة للبحوث العلمية والافتاء', 'احمد', 'الدرويش', 'Arrea`asaah Al-Ammah liedaraat Al-Bouhouuth Al-Elmiah waleftaa', '1999/1419', '1', 'Fiqh', 'B', 'A', 'Volume 13', '9960-11-036-2', 131, 44, 4, 1),
(468, 55, 'Al-Ase''laah walajwebah Al-Fiqhiah', 'الاسئلة والاجوبة الفقهية', 'عبدالعزيز', 'السلمان', '-', '1970/1390 H', '2', 'Fiqh', 'B', 'A', 'Volume 1', '', 139, 227, 4, 1),
(469, 55, 'Al-Ase''laah walajwebah Al-Fiqhiah', 'الاسئلة والاجوبة الفقهية', 'عبدالعزيز', 'السلمان', '-', '1417 H', '13', 'Fiqh', 'B', 'A', 'Volume 2', '-', 139, 227, 4, 1),
(470, 55, 'Al-Ase''laah walajwebah Al-Fiqhiah', 'الاسئلة والاجوبة الفقهية', 'عبدالعزيز', 'السلمان', '-', '1417 H', '13', 'Fiqh', 'B', 'A', 'Volume 3', '-', 139, 227, 4, 1),
(471, 55, 'Al-Ase''laah walajwebah Al-Fiqhiah', 'الاسئلة والاجوبة الفقهية', 'عبدالعزيز', 'السلمان', '-', '1417 H', '13', 'Fiqh', 'B', 'A', 'Volume 4', '-', 139, 227, 4, 1),
(472, 55, 'Al-Ase''laah walajwebah Al-Fiqhiah', 'الاسئلة والاجوبة الفقهية', 'عبدالعزيز', 'السلمان', '-', '1417 H', '13', 'Fiqh', 'B', 'A', 'Volume 5', '-', 139, 227, 4, 1),
(473, 55, 'Al-Ase''laah walajwebah Al-Fiqhiah', 'الاسئلة والاجوبة الفقهية', 'عبدالعزيز', 'السلمان', '-', '1417 H', '13', 'Fiqh', 'B', 'A', 'Volume 6', '-', 139, 227, 4, 1),
(474, 55, 'Al-Ase''laah walajwebah Al-Fiqhiah', 'الاسئلة والاجوبة الفقهية', 'عبدالعزيز', 'السلمان', '-', '1417 H', '13', 'Fiqh', 'B', 'A', 'Volume 7', '-', 139, 227, 4, 1),
(475, 55, 'Al-Ase''laah walajwebah Al-Fiqhiah', 'الاسئلة والاجوبة الفقهية', 'عبدالعزيز', 'السلمان', '-', '1975/1395 H', '3', 'Fiqh', 'B', 'A', 'Volume 2', '-', 139, 227, 4, 1),
(476, 55, 'Al-Ase''laah walajwebah Al-Fiqhiah', 'الاسئلة والاجوبة الفقهية', 'عبدالعزيز', 'السلمان', '-', '1976/1396 H', '4', 'Fiqh', 'B', 'A', 'Volume 4', '-', 139, 227, 4, 1),
(477, 61, 'Al-Fiqh Al-Islaami w Adelatouh', 'الفقه الاسلامى و ادلته', 'وهبه ', 'الزحيلى', 'Darroulfikr', '1997/1418H', '4', 'Fiqh', 'B', 'A', 'Volume 1', '1-57547-365-8', 140, 86, 4, 1),
(478, 61, 'Al-Fiqh Al-Islaami w Adelatouh', 'الفقه الاسلامى و ادلته', 'وهبه ', 'الزحيلى', 'Darroulfikr', '1997/1418H', '4', 'Fiqh', 'B', 'A', 'Volume 2', '1-57547-365-8', 140, 86, 4, 1),
(479, 61, 'Al-Fiqh Al-Islaami w Adelatouh', 'الفقه الاسلامى و ادلته', 'وهبه ', 'الزحيلى', 'Darroulfikr', '1997/1418H', '4', 'Fiqh', 'B', 'A', 'Volume 3', '1-57547-365-8', 140, 86, 4, 1),
(480, 61, 'Al-Fiqh Al-Islaami w Adelatouh', 'الفقه الاسلامى و ادلته', 'وهبه ', 'الزحيلى', 'Darroulfikr', '1997/1418H', '4', 'Fiqh', 'B', 'A', 'Volume 4', '1-57547-365-8', 140, 86, 4, 1),
(481, 61, 'Al-Fiqh Al-Islaami w Adelatouh', 'الفقه الاسلامى و ادلته', 'وهبه ', 'الزحيلى', 'Darroulfikr', '1997/1418H', '4', 'Fiqh', 'B', 'A', 'Volume 5', '1-57547-365-8', 140, 86, 4, 1),
(482, 61, 'Al-Fiqh Al-Islaami w Adelatouh', 'الفقه الاسلامى و ادلته', 'وهبه ', 'الزحيلى', 'Darroulfikr', '1997/1418H', '4', 'Fiqh', 'B', 'A', 'Volume 6', '1-57547-365-8', 140, 86, 4, 1),
(483, 61, 'Al-Fiqh Al-Islaami w Adelatouh', 'الفقه الاسلامى و ادلته', 'وهبه ', 'الزحيلى', 'Darroulfikr', '1997/1418H', '4', 'Fiqh', 'B', 'A', 'Volume 7', '1-57547-365-8', 140, 86, 4, 1),
(484, 61, 'Al-Fiqh Al-Islaami w Adelatouh', 'الفقه الاسلامى و ادلته', 'وهبه ', 'الزحيلى', 'Darroulfikr', '1997/1418H', '4', 'Fiqh', 'B', 'A', 'Volume 8', '1-57547-365-8', 140, 86, 4, 1),
(485, 61, 'Al-Fiqh Al-Islaami w Adelatouh', 'الفقه الاسلامى و ادلته', 'وهبه ', 'الزحيلى', 'Darroulfikr', '1997/1418H', '4', 'Fiqh', 'B', 'A', 'Volume 9', '1-57547-365-8', 140, 86, 4, 1),
(486, 61, 'Al-Fiqh Al-Islaami w Adelatouh', 'الفقه الاسلامى و ادلته', 'وهبه ', 'الزحيلى', 'Darroulfikr', '1997/1418H', '4', 'Fiqh', 'B', 'A', 'Volume 10', '1-57547-365-8', 140, 86, 4, 1),
(487, 61, 'Al-Fiqh Al-Islaami w Adelatouh', 'الفقه الاسلامى و ادلته', 'وهبه ', 'الزحيلى', 'Darroulfikr', '1997/1418H', '4', 'Fiqh', 'B', 'A', 'Volume 11', '1-57547-365-8', 140, 86, 4, 1),
(488, 61, 'Al-Fiqh Alaa Almathahib Alarbaha', 'الفقه على المذاهب الاربعة', 'عبدالرحمن', 'الجزيرى', 'Darroultaqwah', '2003', '1', 'Fiqh', 'B', 'A', 'Volume 1', '997-6092-27-6', 141, 88, 4, 1),
(489, 61, 'Al-Fiqh Alaa Almathahib Alarbaha', 'الفقه على المذاهب الاربعة', 'عبدالرحمن', 'الجزيرى', 'Darroultaqwah', '2003', '1', 'Fiqh', 'B', 'A', 'Volume 2', '997-6092-27-6', 141, 88, 4, 1),
(490, 61, 'Al-Fiqh Alaa Almathahib Alarbaha', 'الفقه على المذاهب الاربعة', 'عبدالرحمن', 'الجزيرى', 'Darroultaqwah', '2003', '1', 'Fiqh', 'B', 'A', 'Volume 3', '997-6092-27-6', 141, 88, 4, 1),
(491, 61, 'Al-Fiqh Alaa Almathahib Alarbaha', 'الفقه على المذاهب الاربعة', 'عبدالرحمن', 'الجزيرى', 'Darroultaqwah', '2003', '1', 'Fiqh', 'B', 'A', 'Volume 4', '997-6092-27-6', 141, 88, 4, 1),
(492, 61, 'Al-Fiqh Alaa Almathahib Alarbaha', 'الفقه على المذاهب الاربعة', 'عبدالرحمن', 'الجزيرى', 'Hakikat', '1983/1403 H', '1', 'Fiqh', 'B', 'A', 'Volume 1', '-', 141, 170, 4, 1),
(493, 61, 'Al-Fiqh Alaa Almathahib Alarbaha', 'الفقه على المذاهب الاربعة', 'عبدالرحمن', 'الجزيرى', 'Hakikat', '1983/1403 H', '1', 'Fiqh', 'B', 'A', 'Volume 2', '-', 141, 170, 4, 1),
(494, 61, 'Al-Fiqh Alaa Almathahib Alarbaha', 'الفقه على المذاهب الاربعة', 'عبدالرحمن', 'الجزيرى', 'Hakikat', '1983/1403 H', '1', 'Fiqh', 'B', 'A', 'Volume 3', '-', 141, 170, 4, 1),
(495, 61, 'Fiqh Azzakaat', 'فقه الزكاة', 'يوسف', 'القرضاوى', 'Arresalah', '1994/1414 H', '22', 'Fiqh', 'B', 'A', 'Volume 1', '-', 58, 45, 4, 1),
(496, 61, 'Fiqh Azzakaat', 'فقه الزكاة', 'يوسف', 'القرضاوى', 'Arresalah', '1999/1420 H', '24', 'Fiqh', 'B', 'A', 'Volume 1', '-', 58, 45, 4, 1),
(497, 61, 'Fiqh Azzakaat', 'فقه الزكاة', 'يوسف', 'القرضاوى', 'Arresalah', '1999/1420 H', '24', 'Fiqh', 'B', 'A', 'Volume 2', '-', 58, 45, 4, 1),
(498, 61, 'Al-Fiqh Alwaadeh', 'الفقه الواضح', 'محمد', 'اسماعيل', 'Almanaar', '1997/1417 H', '1', 'Fiqh', 'B', 'A', 'Volume 1', '-', 142, 43, 4, 1),
(499, 62, 'Fiqh Assunnah', 'فقه السنة', 'السيد ', 'سابق', 'Darroulketaab Alarabi', '-', '1', 'Fiqh', 'B', 'A', 'Volume 1', '-', 74, 87, 4, 1),
(500, 62, 'Fiqh Assunnah', 'فقه السنة', 'السيد ', 'سابق', 'Darroulketaab Alarabi', '1987/1407 H', '8', 'Fiqh', 'B', 'A', 'Volume 1', '-', 74, 87, 4, 1),
(501, 62, 'Fiqh Assunnah', 'فقه السنة', 'السيد ', 'سابق', 'Darroulketaab Alarabi', '1987/1407 H', '8', 'Fiqh', 'B', 'A', 'Volume 2', '-', 74, 87, 4, 1),
(502, 62, 'Fiqh Assunnah', 'فقه السنة', 'السيد ', 'سابق', 'Darroulketaab Alarabi', '1987/1407 H', '8', 'Fiqh', 'B', 'A', 'Volume 3', '-', 74, 87, 4, 1),
(503, 62, 'Fiqh Assunnah', 'فقه السنة', 'السيد ', 'سابق', 'Darroulketaab Alarabi', '1987/1407 H', '8', 'Fiqh', 'B', 'A', 'Volume 2', '-', 74, 87, 4, 1),
(504, 62, 'Fiqh Assunnah', 'فقه السنة', 'السيد ', 'سابق', 'Darroulketaab Alarabi', '1987/1407 H', '8', 'Fiqh', 'B', 'A', 'Volume 2', '-', 74, 87, 4, 1),
(505, 62, 'Fiqh Assunnah', 'فقه السنة', 'السيد ', 'سابق', 'Darroulketaab Alarabi', '1987/1407 H', '8', 'Fiqh', 'B', 'A', 'Volume 3', '-', 74, 87, 4, 1),
(506, 62, 'Fiqh Assunnah', 'فقه السنة', 'السيد ', 'سابق', 'Darrulfikr', '1983/1403 H', '4', 'Fiqh', 'B', 'A', 'Volume 1', '-', 74, 110, 4, 1),
(507, 62, 'Fiqh Assunnah', 'فقه السنة', 'السيد ', 'سابق', 'Darrulfikr', '1983/1403 H', '4', 'Fiqh', 'B', 'A', 'Volume 2', '-', 74, 110, 4, 1),
(508, 62, 'Fiqh Assunnah', 'فقه السنة', 'السيد ', 'سابق', 'Darrulfikr', '1983/1403 H', '3', 'Fiqh', 'B', 'A', 'Volume 3', '-', 74, 110, 4, 1),
(509, 62, 'Fiqh Assunnah', 'فقه السنة', 'السيد ', 'سابق', 'Darrulfikr', '1983/1403 H', '4', 'Fiqh', 'B', 'A', 'Volume 2', '-', 74, 110, 4, 1),
(510, 62, 'Fiqh Assunnah', 'فقه السنة', 'السيد ', 'سابق', 'Darrulfikr', '1983/1403 H', '4', 'Fiqh', 'B', 'A', 'Volume 3', '-', 74, 110, 4, 1),
(511, 62, 'Fiqh Assunnah', 'فقه السنة', 'السيد ', 'سابق', 'Darrulfikr', '1981/1401 H', '1', 'Fiqh', 'B', 'A', 'Volume 3', '-', 74, 110, 4, 1),
(512, 62, 'Fiqh Assunnah', 'فقه السنة', 'السيد ', 'سابق', 'Darrulturrath Alarabi', '-', '1', 'Fiqh', 'B', 'A', 'Voulme 2', '-', 74, 160, 4, 1),
(513, 62, 'Fiqh Assunnah', 'فقه السنة', 'السيد ', 'سابق', 'Maktabet Al-Muslim', '-', '1', 'Fiqh', 'B', 'A', 'Volume 1', '-', 74, 195, 4, 1),
(514, 62, 'Fiqh Assunnah', 'فقه السنة', 'السيد ', 'سابق', 'Maktabet Al-Muslim', '-', '1', 'Fiqh', 'B', 'A', 'Volume 2', '-', 74, 195, 4, 1),
(515, 62, 'Fiqh Assunnah', 'فقه السنة', 'السيد ', 'سابق', 'Darrulfath lilelaam Alarabi', '1994/1414 H', '11', 'Fiqh', 'B', 'A', 'Volume 2', '-', 74, 106, 4, 1),
(516, 62, 'Fiqh Assunnah', 'فقه السنة', 'السيد ', 'سابق', 'Darrulfath lilelaam Alarabi', '1994/1414 H', '11', 'Fiqh', 'B', 'A', 'Volume 3', '', 74, 106, 4, 1),
(517, 62, 'Fiqh Assunnah', 'فقه السنة', 'السيد ', 'سابق', 'Maktabet Al-khadamaat Al-Hadeethah', '1986/1407 H', '1', 'Fiqh', 'B', 'A', 'Voulme 1', '-', 74, 186, 4, 1),
(518, 62, 'Fiqh Assunnah', 'فقه السنة', 'السيد ', 'سابق', 'Maktabet Al-khadamaat Al-Hadeethah', '1986/1407 H', '1', 'Fiqh', 'B', 'A', 'Voulme 2', '-', 74, 186, 4, 1),
(519, 62, 'Fiqh Assunnah', 'فقه السنة', 'السيد ', 'سابق', 'Maktabet Al-khadamaat Al-Hadeethah', '1986/1407 H', '1', 'Fiqh', 'B', 'A', 'Voulme 2', '-', 74, 186, 4, 1),
(520, 62, 'Fiqh Assunnah', 'فقه السنة', 'السيد ', 'سابق', 'Maktabet Al-khadamaat Al-Hadeethah', '1986/1407 H', '1', 'Fiqh', 'B', 'A', 'Voulme 3', '-', 74, 186, 4, 1),
(521, 63, 'Fiqh Assunnah', 'فقه السنة', 'السيد ', 'سابق', 'DarrulJeel', '-', '-', 'Fiqh', 'B', 'A', 'Volume 1', '', 74, 117, 4, 1),
(522, 63, 'Fiqh Assunnah', 'فقه السنة', 'السيد ', 'سابق', 'DarrulJeel', '-', '-', 'Fiqh', 'B', 'A', 'Voulme 2', '', 74, 117, 4, 1),
(523, 63, 'Fiqh Assunnah', 'فقه السنة', 'السيد ', 'سابق', 'DarrulJeel', '-', '-', 'Fiqh', 'B', 'A', 'Volume 3', '', 74, 117, 4, 1),
(524, 63, 'Fiqh Assunnah', 'فقه السنة', 'السيد ', 'سابق', 'Darrulmuslim', '-', '-', 'Fiqh', 'B', 'A', 'Volume 1', '', 74, 133, 4, 1),
(525, 63, 'Fiqh Assunnah', 'فقه السنة', 'السيد ', 'سابق', 'Darrulmuslim', '-', '-', 'Fiqh', 'B', 'A', 'Voulme 2', '', 74, 133, 4, 1),
(526, 63, 'Fiqh Assunnah', 'فقه السنة', 'السيد ', 'سابق', 'Darrulmuslim', '-', '-', 'Fiqh', 'B', 'A', 'Volume 3', '', 74, 133, 4, 1),
(527, 63, 'Fiqh Assunnah', 'فقه السنة', 'السيد ', 'سابق', 'Darrulrayaan lilturaath', '1990/1411 H', '2', 'Fiqh', 'B', 'A', 'Volume 1', '-', 74, 144, 4, 1),
(528, 63, 'Fiqh Assunnah', 'فقه السنة', 'السيد ', 'سابق', 'Darrulrayaan lilturaath', '1990/1411 H', '2', 'Fiqh', 'B', 'A', 'Volume 2', '-', 74, 144, 4, 1),
(529, 63, 'Fiqh Assunnah', 'فقه السنة', 'السيد ', 'سابق', 'Darrulrayaan lilturaath', '1990/1411 H', '2', 'Fiqh', 'B', 'A', 'Volume 3', '-', 74, 144, 4, 1),
(530, 63, 'Fiqh Assunnah', 'فقه السنة', 'السيد ', 'سابق', 'Maktabet Al-Adaab', '1980', '1', 'Fiqh', 'B', 'A', 'Voulme 1', '977-7294-12-3', 74, 181, 4, 1),
(531, 63, 'Fiqh Assunnah', 'فقه السنة', 'السيد ', 'سابق', 'Maktabet Al-Adaab', '1980', '1', 'Fiqh', 'B', 'A', 'Voulme 2', '977-7294-12-3', 74, 181, 4, 1),
(532, 63, 'Fiqh Assunnah', 'فقه السنة', 'السيد ', 'سابق', 'Al-Fath lillelaam Alarabi', '-', '1', 'Fiqh', 'B', 'A', 'Voulme 2', '-', 74, 11, 4, 1),
(533, 63, 'Fiqh Assunnah', 'فقه السنة', 'السيد ', 'سابق', 'Al-Fath lillelaam Alarabi', '-', '1', 'Fiqh', 'B', 'A', 'Volume 3', '-', 74, 11, 4, 1),
(534, 63, 'Fiqh Assunnah', 'فقه السنة', 'السيد ', 'سابق', 'Maktabet Darrulturrath', '-', '1', 'Fiqh', 'B', 'A', 'Volume 2', '-', 74, 202, 4, 1),
(535, 63, 'Fiqh Assunnah', 'فقه السنة', 'السيد ', 'سابق', 'Maktabet Darrulturrath', '-', '1', 'Fiqh', 'B', 'A', 'Volume 3', '-', 74, 202, 4, 1),
(536, 63, 'Fiqh Assunnah', 'فقه السنة', 'السيد ', 'سابق', 'Darrulturaath ', '-', '1', 'Fiqh', 'B', 'A', 'Volume 3', '-', 74, 159, 4, 1),
(537, 63, 'Fiqh Assunnah', 'فقه السنة', 'السيد ', 'سابق', 'Maktabet Al-khadamaat Al-Hadeethah', '-', '1', 'Fiqh', 'B', 'A', 'Voulme 2', '-', 74, 186, 4, 1),
(538, 63, 'Fiqh Assunnah', 'فقه السنة', 'السيد ', 'سابق', 'Maktabet Al-khadamaat Al-Hadeethah', '-', '1', 'Fiqh', 'B', 'A', 'Voulme 3', '-', 74, 186, 4, 1),
(539, 63, 'Fiqh Assunnah', 'فقه السنة', 'السيد ', 'سابق', 'Manaar Al-Dadawleeah/Alfath lilealaam Alarabi', '1995/1416 H', '-', 'Fiqh', 'B', 'A', 'Volume 1', '-', 74, 209, 4, 1),
(540, 63, 'Al-wageez fe Fiqh As-Sunna wal-Ketaab', 'الوجيز فى فقه السنة والكتاب', 'عبدالعظيم', 'الخلفى', 'Ibn Rajab', '1995/1416 H', '1', 'Fiqh', 'B', 'A', '-', '-', 144, 172, 4, 1),
(541, 63, 'Al-Wageez fe Ousoul Al-Fiqh', 'الوجيز فى اصول الفقه ', 'عبدالكريم', 'زيدان', 'Darrul Tawzeeh W Al-Nashr Al-Islamiah', '1993/1414 H', '1', 'Fiqh', 'B', 'A', '-', '977-265-090-8', 122, 91, 4, 1),
(542, 63, 'Al-Wageez fe Edhah Qawaed Al-Fiqh', 'الوجيز فى ايضاح قواعد الفقه', 'محمد', 'الغزى', 'Mou''asaseet Al-Resaalah', '1996/1416 H', '4', 'Fiqh', 'B', 'A', '-', '-', 145, 215, 4, 1),
(543, 63, 'Al-Qawaaed Al-Nouranyyah Al-Fiqhyyah', 'القواعد النورانية الفقهية', 'ابن تيمية', '-', 'Maktabet Al-Maareef', '1983/1404 H', '2', 'Fiqh', 'B', 'A', '-', '-', 146, 188, 4, 1),
(544, 63, 'Al-Asbaah walNathae`r fe Qawaed w Frouua Fiqh As-Shafeyyah', 'الاشباه والنظائر فى قواعد فقه الشافعية', 'جلال الدين', 'السيوطى', 'Al-Makatabah Al-Tawfeeqiah', '-', '-', 'Fiqh', 'B', 'A', '-', '-', 147, 18, 4, 1),
(545, 64, 'Fataawa Nour Alaa Addarb', 'فتاوى نور على الدرب', 'عبدالعزيز', 'ابن باز', 'Rea''aseet Edareet Al-Bouhouuth Al-Elmiah waleftaa', '2000-1420 H', '1', 'Fiqh', 'B', 'A', 'Volume 1', '9960-11-107-5', 148, 223, 4, 1),
(546, 64, 'Fataawa Nour Alaa Addarb', 'فتاوى نور على الدرب', 'عبدالعزيز', 'ابن باز', 'Rea''aseet Edareet Al-Bouhouuth Al-Elmiah waleftaa', '2000-1420 H', '1', 'Fiqh', 'B', 'A', 'Volume 1', '9960-11-107-5', 148, 223, 4, 1),
(547, 64, 'Majmoua Fatawa wmaqaalaat Moutnaouah', 'مجموع فتاوى ومقالات متنوعة', 'عبدالعزيز', 'ابن باز', 'Rea''aseet Edareet Al-Bouhouuth Al-Elmiah waleftaa', '1996/1416 H', '2', 'Fiqh', 'B', 'A', 'Volume 1', '9960-11-016-8', 148, 223, 4, 1),
(548, 64, 'Majmoua Fatawa wmaqaalaat Moutnaouah', 'مجموع فتاوى ومقالات متنوعة', 'عبدالعزيز', 'ابن باز', 'Rea''aseet Edareet Al-Bouhouuth Al-Elmiah waleftaa', '1996/1416 H', '2', 'Fiqh', 'B', 'A', 'Volume 2', '9960-11-016-8', 148, 223, 4, 1),
(549, 64, 'Majmoua Fatawa wmaqaalaat Moutnaouah', 'مجموع فتاوى ومقالات متنوعة', 'عبدالعزيز', 'ابن باز', 'Rea''aseet Edareet Al-Bouhouuth Al-Elmiah waleftaa', '1996/1416 H', '2', 'Fiqh', 'B', 'A', 'Volume 3', '9960-11-016-8', 148, 223, 4, 1),
(550, 64, 'Majmoua Fatawa wmaqaalaat Moutnaouah', 'مجموع فتاوى ومقالات متنوعة', 'عبدالعزيز', 'ابن باز', 'Rea''aseet Edareet Al-Bouhouuth Al-Elmiah waleftaa', '1996/1416 H', '2', 'Fiqh', 'B', 'A', 'Volume 4', '9960-11-016-8', 148, 223, 4, 1),
(551, 64, 'Majmoua Fatawa wmaqaalaat Moutnaouah', 'مجموع فتاوى ومقالات متنوعة', 'عبدالعزيز', 'ابن باز', 'Arrea`asaah Al-Ammah liedaraat Al-Bouhouuth Al-Elmiah waleftaa', '1989/1410 H', '1', 'Fiqh', 'B', 'A', 'Volume 3', '-', 148, 44, 4, 1),
(552, 64, 'Majmoua Fatawa wmaqaalaat Moutnaouah', 'مجموع فتاوى ومقالات متنوعة', 'عبدالعزيز', 'ابن باز', 'Arrea`asaah Al-Ammah liedaraat Al-Bouhouuth Al-Elmiah waleftaa', '1987/1408 H', '1', 'Fiqh', 'B', 'A', 'Volume 1', '-', 148, 44, 4, 1),
(553, 64, 'Majmoua Fatawa wmaqaalaat Moutnaouah', 'مجموع فتاوى ومقالات متنوعة', 'عبدالعزيز', 'ابن باز', 'Arrea`asaah Al-Ammah liedaraat Al-Bouhouuth Al-Elmiah waleftaa', '2000/1420 H', '2', 'Fiqh', 'B', 'A', 'Volume 6', '9960-11-16-8', 148, 44, 4, 1),
(554, 64, 'Majmoua Fatawa wmaqaalaat Moutnaouah', 'مجموع فتاوى ومقالات متنوعة', 'عبدالعزيز', 'ابن باز', 'Arrea`asaah Al-Ammah liedaraat Al-Bouhouuth Al-Elmiah waleftaa', '2000/1420 H', '2', 'Fiqh', 'B', 'A', 'Volume 6', '9960-11-16-8', 148, 44, 4, 1),
(555, 64, 'Majmoua Fatawa wmaqaalaat Moutnaouah', 'مجموع فتاوى ومقالات متنوعة', 'عبدالعزيز', 'ابن باز', 'Arrea`asaah Al-Ammah liedaraat Al-Bouhouuth Al-Elmiah waleftaa', '2000/1420 H', '2', 'Fiqh', 'B', 'A', 'Volume 7', '9960-11-16-8', 148, 44, 4, 1),
(556, 64, 'Majmoua Fatawa wmaqaalaat Moutnaouah', 'مجموع فتاوى ومقالات متنوعة', 'عبدالعزيز', 'ابن باز', 'Arrea`asaah Al-Ammah liedaraat Al-Bouhouuth Al-Elmiah waleftaa', '2000/1420 H', '1', 'Fiqh', 'B', 'A', 'Volume 9', '9960-11-16-8', 148, 44, 4, 1),
(557, 64, 'Majmoua Fatawa wmaqaalaat Moutnaouah', 'مجموع فتاوى ومقالات متنوعة', 'عبدالعزيز', 'ابن باز', 'Arrea`asaah Al-Ammah liedaraat Al-Bouhouuth Al-Elmiah waleftaa', '2000/1420 H', '1', 'Fiqh', 'B', 'A', 'Volume 10', '9960-11-16-8', 148, 44, 4, 1),
(558, 64, 'Majmoua Fatawa wmaqaalaat Moutnaouah', 'مجموع فتاوى ومقالات متنوعة', 'عبدالعزيز', 'ابن باز', 'Arrea`asaah Al-Ammah liedaraat Al-Bouhouuth Al-Elmiah waleftaa', '2000/1420 H', '1', 'Fiqh', 'B', 'A', 'Volume 11', '9960-11-16-8', 148, 44, 4, 1),
(559, 64, 'Majmoua Fatawa wmaqaalaat Moutnaouah', 'مجموع فتاوى ومقالات متنوعة', 'عبدالعزيز', 'ابن باز', 'Arrea`asaah Al-Ammah liedaraat Al-Bouhouuth Al-Elmiah waleftaa', '2000/1420 H', '1', 'Fiqh', 'B', 'A', 'Volume 12', '9960-11-16-8', 148, 44, 4, 1),
(560, 64, 'Majmoua Fatawa wmaqaalaat Moutnaouah', 'مجموع فتاوى ومقالات متنوعة', 'عبدالعزيز', 'ابن باز', 'Arrea`asaah Al-Ammah liedaraat Al-Bouhouuth Al-Elmiah waleftaa', '2000/1420 H', '1', 'Fiqh', 'B', 'A', 'Volume 12', '9960-11-16-8', 148, 44, 4, 1),
(561, 64, 'Majmoua Fatawa wmaqaalaat Moutnaouah', 'مجموع فتاوى ومقالات متنوعة', 'عبدالعزيز', 'ابن باز', 'Arrea`asaah Al-Ammah liedaraat Al-Bouhouuth Al-Elmiah waleftaa', '2000/1420 H', '1', 'Fiqh', 'B', 'A', 'Volume 13', '9960-11-16-8', 148, 44, 4, 1),
(562, 64, 'Majmoua Fatawa wmaqaalaat Moutnaouah', 'مجموع فتاوى ومقالات متنوعة', 'عبدالعزيز', 'ابن باز', 'Arrea`asaah Al-Ammah liedaraat Al-Bouhouuth Al-Elmiah waleftaa', '2000/1420 H', '1', 'Fiqh', 'B', 'A', 'Volume 14', '9960-11-16-8', 148, 44, 4, 1),
(563, 64, 'Majmoua Fatawa wmaqaalaat Moutnaouah', 'مجموع فتاوى ومقالات متنوعة', 'عبدالعزيز', 'ابن باز', 'Arrea`asaah Al-Ammah liedaraat Al-Bouhouuth Al-Elmiah waleftaa', '2000/1420 H', '1', 'Fiqh', 'B', 'A', 'Volume 14', '9960-11-16-8', 148, 44, 4, 1),
(564, 64, 'Majmoua Fatawa wmaqaalaat Moutnaouah', 'مجموع فتاوى ومقالات متنوعة', 'عبدالعزيز', 'ابن باز', 'Arrea`asaah Al-Ammah liedaraat Al-Bouhouuth Al-Elmiah waleftaa', '2000/1420 H', '1', 'Fiqh', 'B', 'A', 'Volume 15', '9960-11-16-8', 148, 44, 4, 1),
(565, 64, 'Majmoua Fatawa wmaqaalaat Moutnaouah', 'مجموع فتاوى ومقالات متنوعة', 'عبدالعزيز', 'ابن باز', 'Arrea`asaah Al-Ammah liedaraat Al-Bouhouuth Al-Elmiah waleftaa', '2000/1420 H', '1', 'Fiqh', 'B', 'A', 'Volume 15', '9960-11-16-8', 148, 44, 4, 1),
(566, 64, 'Majmoua Fatawa wmaqaalaat Moutnaouah', 'مجموع فتاوى ومقالات متنوعة', 'عبدالعزيز', 'ابن باز', 'Arrea`asaah Al-Ammah liedaraat Al-Bouhouuth Al-Elmiah waleftaa', '2000/1420 H', '1', 'Fiqh', 'B', 'A', 'Volume 15', '9960-11-16-8', 148, 44, 4, 1),
(567, 64, 'Majmoua Fatawa wmaqaalaat Moutnaouah', 'مجموع فتاوى ومقالات متنوعة', 'عبدالعزيز', 'ابن باز', 'Arrea`asaah Al-Ammah liedaraat Al-Bouhouuth Al-Elmiah waleftaa', '2000/1420 H', '1', 'Fiqh', 'B', 'A', 'Volume 16', '9960-11-16-8', 148, 44, 4, 1),
(568, 64, 'Tamaam Al-Mennah felTaleeq Ala fiqh As-Sunnah', 'تمام المنة فى التعليق على فقه السنة', 'محمد', 'الالبانى', 'Darrulraayah', '1409 H', '3', 'Fiqh', 'B', 'A', '-', '-', 40, 140, 4, 1),
(569, 64, 'Thaalath Rasaae''l Fiqhiah', 'ثلاث رسائل فقهية', 'محمد', 'بن سبيل', '-', '1996/1417 H', '1', 'Fiqh', 'B', 'A', '-', '9960-30-506-1', 149, 227, 4, 1),
(570, 65, 'Al-Mowaafeqaat Fe Ousoul Al-Shareeah', 'الموافقات فى اصول الشريعة', 'ابى اسحاق', 'الشاطبى', 'DarrulKoutub Al-Elmiah', '-', '-', 'Fiqh', 'B', 'A', 'Volume 1,2', '-', 150, 125, 4, 1),
(571, 65, 'Al-Mowaafeqaat Fe Ousoul Al-Shareeah', 'الموافقات فى اصول الشريعة', 'ابى اسحاق', 'الشاطبى', 'DarrulKoutub Al-Elmiah', '-', '-', 'Fiqh', 'B', 'A', 'Volume 3,4', '-', 150, 125, 4, 1),
(572, 65, 'Al-Oudah Sharh Al-Oumdah', 'العدة شرح العمدة', 'بهاء الدين', 'المقدسى', 'Al-Makatabah Al-Elmiah Al-Jadeedah', '-', '-', 'Fiqh', 'B', 'A', '-', '-', 151, 17, 4, 1),
(573, 65, 'Al-Fiqh Almoyassar fe Al-Ebadaat w Al-Moaamalaat', 'الفقه الميسر فى العبادات و المعاملات', 'احمد', 'عاشور', 'Maktabet Al-Quran', '1984', '1', 'Fiqh', 'B', 'A', '-', '-', 152, 197, 4, 1),
(574, 65, 'Masae''l men Fiqh Al-Ketaab wal-Sunna', 'مسائل من فقه الكتاب والسنة', 'عمر', 'الاشقر', 'DarrulNasfa''ess', '1997/1418 H', '2', 'Fiqh', 'B', 'A', '-', '-', 63, 136, 4, 1),
(575, 65, 'Taareekh Al-Fiqh Al-Islaami', 'تاريخ الفقه الاسلامى', 'عمر', 'الاشقر', 'Maktabeet Al-Falaah, Darrulfa''ess', '1989/1410 H', '2', 'Fiqh', 'B', 'A', '-', '-', 63, 177, 4, 1),
(576, 65, 'Belouug Al-Maraam men Adelat Al-Ahkaam', 'بلوغ المرام من ادلة الاحكام', 'الحافظ', 'العسقلانى', 'Darrulsalaam', '1992/1413 H', '1', 'Fiqh', 'B', 'A', '-', '-', 153, 150, 4, 1),
(577, 65, 'Al-Ahkaam Al-Sultaneeah w Al-Welaayaat Al-Deeneeah', 'الاحكام السلطانية والولايات الدينية', 'ابى الحسن', 'البصرى', 'DarrulKoutub Al-Elmiah', '-', '-', 'Fiqh', 'B', 'A', '-', '-', 7, 125, 4, 1),
(578, 65, 'Aljaaneb Al-Tazeeri Fe Jareemat Al-Zenaa', 'الجانب التعزيرى فى جريمة الزنى', 'محمد', 'بن سنان', '-', '1982/1402 H', '1', 'Fiqh', 'B', 'A', '-', '-', 154, 227, 4, 1),
(579, 65, 'Tohfat Al-Wadoud Beahkaam Al-Mawloud', 'تحفة الودود باحكام المولود ', 'شمس الدين', 'الجوزية', 'DarrulJeel', '1988/1408 H', '1', 'Fiqh', 'B', 'A', '-', '-', 155, 117, 4, 1),
(580, 65, 'Ahkaam Al-Thabae`h w Allouhoum Al-Moustawradah felShareeah Al-Islamiaah', 'احكام الذبائح واللحوم المستوردة فى الشريعة الاسلامية', 'عبدالله', 'الطريقى', '-', '1983/1403 H', '1', 'Fiqh', 'B', 'A', '-', '-', 156, 227, 4, 1),
(581, 65, 'Ahkaam Al-Thabae`h fel-Islam', 'احكام الذبائح فى الاسلام', 'محمد', 'ابو فارس', 'Maktabet Al-Manaar', '1980/1401 H', '1', 'Fiqh', 'B', 'A', '-', '-', 157, 192, 4, 1),
(582, 65, 'Ahkaam Al-Ahwaal Al-Shakhseeah fel-Shareeah Al-Islamiaah', 'احكام الاحوال الشخصية فى الشريعة الاسلامية', 'عبدالرحمن', 'تاج', 'Darrulketaab Al-Arabi', '1955/1374 H', '-', 'Fiqh', 'B', 'A', '-', '-', 158, 118, 4, 1),
(583, 65, 'Ahkaam Al-Zawaj wal-Talaaq wal-Khoula', 'احكام الزواج والطلاق والخلع', 'محمد', 'الشعراوى', 'Al-Maktaba Al-Tawfeeqyyah', '-', '-', 'Fiqh', 'B', 'A', '-', '-', 159, 22, 4, 1),
(584, 65, 'Ahkaam AL-Jana''ez w Bedahaa', 'احكام االجنائز وبدعها', 'محمد', 'الالبانى', 'Maktabet Al-Mareef', '1992/1412 H', '1', 'Fiqh', 'B', 'A', '-', '-', 40, 193, 4, 1),
(585, 65, 'Salaat Al-Jamaah', 'صلاة الجماعة', 'صالح', 'السدلان', 'Dar Blemseah', '1416 H', '3', 'Fiqh', 'B', 'A', '-', '-', 160, 65, 4, 1),
(586, 65, 'Sefaat Salaat Al-Nabi(PBUH)', 'صفة صلاة النبى (صلى الله عليه وسلم)', 'محمد', 'الالبانى', 'Maktabet Al-Mareef', '1996/1417 H', '2', 'Fiqh', 'B', 'A', '-', '9960-804-29-1', 40, 193, 4, 1),
(587, 65, 'Sefaat Salaat Al-Nabi(PBUH)', 'صفة صلاة النبى (صلى الله عليه وسلم)', 'محمد', 'الالبانى', '-', '-', '-', 'Fiqh', 'B', 'A', '-', '-', 40, 227, 4, 1),
(588, 65, 'Al-Saoum Tarbeeah w Jeehad', 'الصوم تربية وجهاد', 'حسنين', 'مخلوف', 'DarrulQalam', '2003/1423 H', '3', 'Fiqh', 'B', 'A', '', '', 161, 138, 4, 1),
(589, 65, 'Al-Saoum men Al-Bedayah Hata Al-Islaam', 'الصيام من البداية - حتى الاسلام', 'على', 'الخطيب', 'Silsilaat Al-Bohouth Al-Islamiah', '1995/1416 H', '3', 'Fiqh', 'B', 'A', '', '', 162, 225, 4, 1),
(590, 65, 'Al-Manaahel Al-Hasaan Fe Drous Ramadhan', 'المناهل الحسان فى دروس رمضان', 'عبدالعزيز', 'السلمانى', '-', '1402 H', '13', 'Fiqh', 'B', 'A', '', '', 163, 227, 4, 1),
(591, 71, 'As-Seerah Al-Nabawiah As-sahieeha', 'السيرة النبوية الصحيحة', 'أكرم', 'العمرى', 'Maktabet Al-Abeekaan', '1996/1417 H', '2', 'Seerah', 'B', 'A', 'Volume 1', '9960-20-155-4', 164, 180, 5, 1),
(592, 71, 'As-Seerah Al-Nabawiah As-sahieeha', 'السيرة النبوية الصحيحة', 'أكرم', 'العمرى', 'Maktabet Al-Abeekaan', '1996/1417 H', '2', 'Seerah', 'B', 'A', 'Volume 2', '9960-20-155-4', 164, 180, 5, 1),
(593, 71, 'As-Seerah Al-Nabawiah As-sahieeha', 'السيرة النبوية الصحيحة', 'أكرم', 'العمرى', 'Maktabet Al-Abeekaan', '1996/1417 H', '2', 'Seerah', 'B', 'A', 'Volume 2', '9960-20-155-4', 164, 180, 5, 1),
(594, 71, 'As-Seerah Al-Nabawiah', 'السيرة النبوية ', '-', 'ابن هشام', 'Darrulketab Al-Arabi', '1996/1416 H', '5', 'Seerah', 'B', 'A', 'Volume 2', '-', 165, 119, 5, 1),
(595, 71, 'As-Seerah Al-Nabawiah', 'السيرة النبوية ', '-', 'ابن هشام', 'Darrulketab Al-Arabi', '1996/1416 H', '5', 'Seerah', 'B', 'A', 'Volume 3,4', '-', 165, 119, 5, 1),
(596, 71, 'As-Seerah Al-Nabawiah', 'السيرة النبوية ', '-', 'ابن هشام', 'Darrulketab Al-Arabi', '1996/1416 H', '5', 'Seerah', 'B', 'A', 'Volume 4', '-', 165, 119, 5, 1),
(597, 71, 'As-Seerah Al-Nabawiah', 'السيرة النبوية ', '-', 'ابن هشام', 'Darrulkutub Al-Elmiah', '1980', '-', 'Seerah', 'B', 'A', 'Volume 3,4', '977-306-520-3', 165, 127, 5, 1),
(598, 71, 'As-Seerah Al-Nabawiah', 'السيرة النبوية ', '', '', 'Azhraa'' Lilelaam Al-Arabi', '1989/1409 H', '1', 'Seerah', 'B', 'A', 'Volume 1', '977-1471-17-1', 166, 46, 5, 1),
(599, 71, 'Makhtasar Seerat Arrasuul', 'مختصر سيرة الرسول', 'محمد', 'عبدالوهاب', 'Maktabet Al-Mou''ed', '1994/1414 H', '3', 'Seerah', 'B', 'A', '-', '-', 94, 194, 5, 1),
(600, 71, 'Fiqh Al-Seerah', 'فقه السيرة', 'محمد', 'الغزالى', 'Darrulqalam', '1987/1407 H', '3', 'Seerah', 'B', 'A', '-', '-', 27, 138, 5, 1),
(601, 71, 'Fiqh Al-Seerah', 'فقه السيرة', 'محمد', 'الغزالى', 'Hassaan', '1988/1408 H', '8', 'Seerah', 'B', 'A', '-', '-', 27, 171, 5, 1),
(602, 71, 'Fiqh Al-Seerah Al-Nabawiah', 'فقه السيرة النبوية', 'محمد', 'البوطى', 'Darrulfekr Al-Mouaaser', '1996/1417 H', '11', 'Seerah', 'B', 'A', '-', '1-57547-007-1', 167, 109, 5, 1),
(603, 71, 'Nourulyaqeen fe seerat Sayyed Al-Moursaleen', 'نور اليقين فى سيرة سيج المرسلين', 'محمد', 'الخضرى', 'Mou''sasset Oulom Al-Qura''an', '1984/1404 H', '4', 'Seerah', 'B', 'A', '-', '-', 168, 220, 5, 1),
(604, 71, 'Arrasuul', 'الرسول', 'سعيد', 'حوى', 'Darrulsalaam', '2004/1423 H', '6', 'Seerah', 'B', 'A', '-', '-', 169, 150, 5, 1),
(605, 71, 'Khutub Ar-Rasoul', 'خطب الرسول', 'محمد', 'الخطيب', 'Darrulfadeelah', '1983', '-', 'Seerah', 'B', 'A', '-', '-', 170, 104, 5, 1),
(606, 71, 'Khutub Ar-Rasoul', 'خطب الرسول', 'محمد', 'الخطيب', 'Darrulfadeelah', '1983', '-', 'Seerah', 'B', 'A', '-', '-', 170, 104, 5, 1),
(607, 71, 'Arraheeq Al-Makhtoum', 'الرحيق المختوم', 'صفى الرحمن', 'المباركفورى', 'Darrulrahmah', '1990/1411 H', '-', 'Seerah', 'B', 'A', '-', '-', 171, 141, 5, 1),
(608, 71, 'Arraheeq Al-Makhtoum', 'الرحيق المختوم', 'صفى الرحمن', 'المباركفورى', 'Darrulwafaa''', '1999/1420 H', '1', 'Seerah', 'B', 'A', '-', '-', 171, 161, 5, 1),
(609, 71, 'Arraheeq Al-Makhtoum', 'الرحيق المختوم', 'صفى الرحمن', 'المباركفورى', 'Darrulsalaam', '1991/1411 H', '8', 'Seerah', 'B', 'A', '-', '-', 171, 150, 5, 1),
(610, 71, 'Arraheeq Al-Makhtoum', 'الرحيق المختوم', 'صفى الرحمن', 'المباركفورى', 'Al-Maktabah Al-Asreeah', '1998/1418 H', '-', 'Seerah', 'B', 'A', '-', '-', 171, 23, 5, 1),
(611, 71, 'Arraheeq Al-Makhtoum', 'الرحيق المختوم', 'صفى الرحمن', 'المباركفورى', 'Darrulwafaa''', '2001/1422 H', '4', 'Seerah', 'B', 'A', '-', '-', 171, 161, 5, 1),
(612, 71, 'Makhtasar Seerat Arrasuul', 'مختصر سيرة الرسول', 'محمد', 'الفقى', 'Al-Jaameah Al-Islaamiah Belmadinah Al-Mounawarah', '1956/1375 H', '4', 'Seerah', 'B', 'A', '-', '-', 172, 14, 5, 1),
(613, 71, 'Fe Madrasat An-Nbouah', 'فى مدرسة النبوة', 'احمد', 'جمال', 'Nadi Maka Al-Thaqafi Al-Adabi', '1993/1414 H', '', 'Seerah', 'B', 'A', '-', '9960-617-01-7', 173, 222, 5, 1),
(614, 71, 'Wasaaiah Arrasuul', 'وصايا الرسول', 'طه', 'العفيفى', 'Darruleatessam', '1981', '', 'Seerah', 'B', 'A', 'Volume 3', '977-7352-1-8', 174, 101, 5, 1),
(615, 71, 'Taraajem Sayyeddat Bayet AL-Nubouah', 'تراجم سيدات بيت النبوة', 'عبدالرحمن', 'عائشة', 'Darrulrayyan Liltourath', '1988/1408 H', '1', 'Seerah', 'B', 'A', '-', '-', 175, 145, 5, 1),
(616, 71, 'Qasas Al-Anbiaa''', 'قصص الانبياء', 'عمادالدين', 'بن كثير', 'Dar Thaqaafet Al-Qalam Al-Arabi ', '-', '-', 'Seerah', 'B', 'A', '-', '-', 176, 83, 5, 1),
(617, 71, 'Qasas Al-Anbiaa''', 'قصص الانبياء', 'ابى الفداء', 'الدمشقى', 'Darrulketab Al-Arabi', '2003/1423 H', '1', 'Seerah', 'B', 'A', '-', '9953-27-107-0', 177, 119, 5, 1),
(618, 72, 'Hayaat As-Sahaabah', 'حياة الصحابة', 'محمد', 'الكاندهلوى', 'Maktabeet Al-Imaan', '1996/1417 H', '1', 'Seerah', 'B', 'A', 'Volume 1', '-', 178, 178, 5, 1),
(619, 72, 'Hayaat As-Sahaabah', 'حياة الصحابة', 'محمد', 'الكاندهلوى', 'Maktabeet Al-Imaan', '1996/1417 H', '1', 'Seerah', 'B', 'A', 'Volume 2', '-', 178, 178, 5, 1),
(620, 72, 'Hayaat As-Sahaabah', 'حياة الصحابة', 'محمد', 'الكاندهلوى', 'Maktabeet Al-Imaan', '1996/1417 H', '1', 'Seerah', 'B', 'A', 'Volume 3', '-', 178, 178, 5, 1),
(621, 72, 'Hayaat As-Sahaabah', 'حياة الصحابة', 'محمد', 'الكاندهلوى', 'Maktabeet Al-Imaan', '1996/1417 H', '1', 'Seerah', 'B', 'A', 'Volume 4', '-', 178, 178, 5, 1),
(622, 72, 'Hayaat As-Sahaabah', 'حياة الصحابة', 'محمد', 'الكاندهلوى', 'Darrulrayyan Liltourath', '1987/1408 H', '1', 'Seerah', 'B', 'A', 'Volume 1', '-', 178, 145, 5, 1),
(623, 72, 'Hayaat As-Sahaabah', 'حياة الصحابة', 'محمد', 'الكاندهلوى', 'Darrulrayyan Liltourath', '1987/1408 H', '2', 'Seerah', 'B', 'A', 'Volume 2', '-', 178, 145, 5, 1),
(624, 72, 'Hayaat As-Sahaabah', 'حياة الصحابة', 'محمد', 'الكاندهلوى', 'Darrulrayyan Liltourath', '1987/1408 H', '3', 'Seerah', 'B', 'A', 'Volume 4', '-', 178, 145, 5, 1),
(625, 72, 'Regaal Hawla Arrsuul', 'رجال حول الرسول', 'خالد', 'خالد', 'Dar Thabet, Dar Al-Mouqatam', '1994/1415 H', '1', 'Seerah', 'B', 'A', '-', '-', 179, 81, 5, 1),
(626, 72, 'Regaal Hawla Arrsuul', 'رجال حول الرسول', 'عبدالحميد', 'هنداوى', 'Dar Al-Dawah Al-Islaamiah', '-', '-', 'Seerah', 'B', 'A', '-', '-', 180, 48, 5, 1),
(627, 72, 'Regaal Hawla Arrsuul', 'رجال حول الرسول', 'خالد', 'خالد', 'Dar Thabet, Darrulrayyan', '-', '-', 'Seerah', 'B', 'A', '-', '-', 179, 82, 5, 1),
(628, 72, 'Al-Inshraah wrafa Al-Deeq Beseerat Abi Bakr Al-Sedeeq', 'الانشراح ورفع الضيق بسيرة ابى بكر الصديق', 'على', 'الصلابى', 'Darrulimaan', '2002', '-', 'Seerah', 'B', 'A', 'Volume 1', '977-331-157-0', 181, 116, 5, 1),
(629, 72, 'Fasl Al-Khitab fe seerat Ameer AL-Mou''mouneen Omar Ibn Al-Khtaab', 'فصل الخطاب فى سيرة امير المؤمنين عمر بن الخطاب', 'على', 'الصلابى', 'Dar Al-Tawzee Walnashr Al-Islaamiah', '2002/1423 H', '1', 'Seerah', 'B', 'A', 'Volume 2', '977-265-395-8', 181, 59, 5, 1),
(630, 72, 'Sour Men Hayaat Al-Tabeen', 'صور من حياة التابعين', 'عبدالرحمن', 'الباشا', 'Darruladab Al-Islaami', '1997/1418 H', '15', 'Seerah', 'B', 'A', '-', '-', 182, 92, 5, 1),
(631, 72, 'Sour Men Hayaat Al-Tabeen', 'صور من حياة التابعين', 'عبدالرحمن', 'الباشا', 'Darruladab Al-Islaami', '1997/1418 H', '15', 'Seerah', 'B', 'A', '-', '', 182, 92, 5, 1),
(632, 72, 'Al-Imaam Ahmed Ibn Hanbal', 'الامام احمد ابن حنبل', 'مصطفى ', 'الشكعة', 'Darrulketab Al-Lebnani, Maktabet Al-Madrasah', '1984/1404 H', '1', 'Seerah', 'B', 'A', 'Volume 4', '-', 183, 120, 5, 1),
(633, 73, 'Al-Bedaaiah w Al-Nihaaiah', 'البداية والنهاية ', 'ابو الفداء', 'الدمشقى', 'Dar Al-Rayaan Liltourath', '1998/1408 H', '1', 'Seerah', 'B', 'A', 'Volume 1', '-', 184, 57, 5, 1),
(634, 73, 'Al-Bedaaiah w Al-Nihaaiah', 'البداية والنهاية ', 'ابو الفداء', 'الدمشقى', 'Dar Al-Rayaan Liltourath', '1998/1408 H', '1', 'Seerah', 'B', 'A', 'Volume 2', '-', 184, 57, 5, 1),
(635, 73, 'Al-Bedaaiah w Al-Nihaaiah', 'البداية والنهاية ', 'ابو الفداء', 'الدمشقى', 'Dar Al-Rayaan Liltourath', '1998/1408 H', '1', 'Seerah', 'B', 'A', 'Volume 5', '-', 184, 57, 5, 1),
(636, 73, 'Al-Bedaaiah w Al-Nihaaiah', 'البداية والنهاية ', 'ابو الفداء', 'الدمشقى', 'Dar Al-Rayaan Liltourath', '1998/1408 H', '1', 'Seerah', 'B', 'A', 'Volume 6', '-', 184, 57, 5, 1),
(637, 73, 'Al-Bedaaiah w Al-Nihaaiah', 'البداية والنهاية ', 'ابو الفداء', 'الدمشقى', 'Dar Al-Rayaan Liltourath', '1998/1408 H', '1', 'Seerah', 'B', 'A', 'Voulme 7', '-', 184, 57, 5, 1),
(638, 73, 'Al-Bedaaiah w Al-Nihaaiah', 'البداية والنهاية ', 'ابو الفداء', 'الدمشقى', 'Dar Al-Rayaan Liltourath', '1998/1408 H', '1', 'Seerah', 'B', 'A', 'Content', '-', 184, 57, 5, 1),
(639, 73, 'Zad Al-Meaad Fe Hadi Khir Al-Ebaad', 'زادالميعاد فى هدى خير العباد', '-', 'ابن قيم الجوزية', 'Al-Maktabah AL-Elmiah', '-', '-', 'Seerah', 'B', 'A', 'Volume 1,2', '-', 126, 26, 5, 1),
(640, 73, 'Zad Al-Meaad Fe Hadi Khir Al-Ebaad', 'زادالميعاد فى هدى خير العباد', '-', 'ابن قيم الجوزية', 'Al-Maktabah AL-Elmiah', '-', '-', 'Seerah', 'B', 'A', 'Volume 3,4', '-', 126, 26, 5, 1),
(641, 73, 'Zad Al-Meaad Fe Hadi Khir Al-Ebaad', 'زادالميعاد فى هدى خير العباد', '-', 'ابن قيم الجوزية', 'Darrulketab AL-Arabi', '2005/1425 H', '1', 'Seerah', 'B', 'A', 'Volume 1', '9953-27-292-1', 126, 119, 5, 1),
(642, 73, 'Zad Al-Meaad Fe Hadi Khir Al-Ebaad', 'زادالميعاد فى هدى خير العباد', '-', 'ابن قيم الجوزية', 'Jamaet Ehyaaè Al-Tourath Al-Islami', '2002/1423 H', '2', 'Seerah', 'B', 'A', 'Volume 1', '-', 126, 0, 5, 1),
(643, 73, 'Zad Al-Meaad Fe Hadi Khir Al-Ebaad', 'زادالميعاد فى هدى خير العباد', '-', 'ابن قيم الجوزية', 'Al-Maktabah Al-Tawfeeqiah', '1980/1400 H', '2', 'Seerah', 'B', 'A', 'Volume 3,4', '-', 126, 29, 5, 1),
(644, 73, 'Mokhtasar Zad Al-Meaad', 'مختصر زاد الميعاد', 'محمد', 'التميمى', 'Dar Ibn Al-Jouzi', '1995/1416 H', '2', 'Seerah', 'B', 'A', '-', '-', 185, 72, 5, 1),
(645, 73, 'Al-Shamaa''el Al-Shareefah', 'الشمائل الشريفة', 'جلال الدين/زين الدين', 'السيوطى/المناوى', '-', '1991/1412 H', '1', 'Seerah', 'B', 'A', '-', '-', 186, 227, 5, 1),
(646, 73, 'Al-Rasaael Al-Islaamiah', 'الرسائل الاسلامية', 'انور', 'الجندى', 'Darruleatessam', '-', '-', 'Seerah', 'B', 'A', '-', '-', 187, 101, 5, 1),
(647, 73, 'Ketab Al-Nabi (PBUH)', 'كتاب النبى', 'مصطفى ', 'الاعظمى', 'Al-Maktab Al-Islaami', '1978/1398 H', '2', 'Seerah', 'B', 'A', '-', '-', 188, 19, 5, 1),
(648, 73, 'Fasl Al-Khitab fe Al-Rad Ala Abi Tourab', 'فصل الخطاب فى الرد على ابى تراب', 'حمود', 'التويجرى', 'Al-Rea''asah Edareet Al-Bouhouth Al-Elmiaah w Al-Eftaa'' ', '1998/1419 H', '3', 'Seerah', 'B', 'A', '-', '9960-11-075-3', 189, 39, 5, 1),
(649, 73, 'Abateel w Asmaar', 'اباطيل واسمار', 'محمد', 'شاكر', 'Maktabet Al-Khanja', '2005/1426 H', '3', 'Seerah', 'B', 'A', 'Volume 1,2', '997-353-031-0', 190, 187, 5, 1),
(650, 73, 'Al-Etesaam', 'الاعتصام', 'ابى اسحاق', 'الشاطبى', 'Darrulkhani', '1996/1416 H', '1', 'Seerah', 'B', 'A', 'Volume 1', '-', 150, 123, 5, 1),
(651, 73, 'Al-Etesaam', 'الاعتصام', 'ابى اسحاق', 'الشاطبى', 'Darrulkhani', '1996/1416 H', '1', 'Seerah', 'B', 'A', 'Volume 2', '-', 150, 123, 5, 1),
(652, 74, 'Zubdat AL-Halb men Tareekh Halb', 'زبدة الحلب من تاريخ حلب', 'سهيل ', 'زكار', 'Darrulketaab Al-Arabi', '1997/1418 H', '1', 'History', 'B', 'A', 'Volume 1', '-', 191, 118, 6, 1),
(653, 74, 'Tareekh Al-Khelaafah Al-Abasiaah', 'تاريخ عصر الخلافة العباسية', 'يوسف', 'العش', 'Darrulfekr Al-Mouaaser', '2000', '-', 'History', 'B', 'A', '-', '57547-318-6', 192, 109, 6, 1),
(654, 74, 'Huqbah Men Al-Tareekh', 'حقبة من التاريخ', 'عثمان/محمد/السيد', 'الخميس/المقدم/نوح', 'Darrulimaan', '1999', '-', 'History', 'B', 'A', '-', '977-331-014-4', 193, 116, 6, 1),
(655, 74, 'Moujamaa Al-Bohouuth Al-Islaamiah-Taarekhou w Tatourh', 'مجمع البحوث الاسلامية-تاريخه وتطوره', '-', '-', 'Al-Azhar AL-Shareef', '1983/1403 H', '-', 'History', 'B', 'A', '-', '-', 37, 4, 6, 1),
(656, 74, 'Al-Rawdah Al-Fihaa fe Tawareekh AL-Nissa', 'الروضة الفيحاء فى تاريخ النساء', 'ياسين', 'العمرى', 'Al-Dar Al-Arabiah lilmawsouaat', '2000/1420 H', '2', 'History', 'B', 'A', '-', '-', 194, 7, 6, 1),
(657, 74, 'Al-Tareekh Al-Islaami-Al-Khoulfaa'' Al-Rashdeen', 'التاريخ الاسلامى-الخلفاء الراشدين', 'محمود', 'شاكر', 'Al-Maktab Al-Islaami', '1991/1411 H', '7', 'History', 'B', 'A', 'Volume 3', '-', 195, 19, 6, 1),
(658, 74, 'Al-Tareekh Al-Islaami-Al-Dawlah Al-Abasiiah', 'التاريخ الاسلامى-الدولة العباسية', 'محمود', 'شاكر', 'Al-Maktab Al-Islaami', '1990/1411 H', '4', 'History', 'B', 'A', 'Volume 5', '-', 195, 19, 6, 1),
(659, 81, 'Ehyaa''a Ouloum Al-Deen', 'احياء علوم الدين', 'ابى حامد', 'الغزالى', 'Darrulqalam', '-', '1', 'Mics.', 'B', 'A', 'Volume 1', '-', 196, 138, 7, 1),
(660, 81, 'Ehyaa''a Ouloum Al-Deen', 'احياء علوم الدين', 'ابى حامد', 'الغزالى', 'Darrulqalam', '-', '1', 'Mics.', 'B', 'A', 'Volume 3', '-', 196, 138, 7, 1),
(661, 81, 'Ehyaa''a Ouloum Al-Deen', 'احياء علوم الدين', 'ابى حامد', 'الغزالى', 'Darrulqalam', '-', '1', 'Mics.', 'B', 'A', 'Volume 4', '-', 196, 138, 7, 1),
(662, 81, 'Ehyaa''a Ouloum Al-Deen', 'احياء علوم الدين', 'ابى حامد', 'الغزالى', 'Darrulqalam', '-', '1', 'Mics.', 'B', 'A', 'Volume 5', '-', 196, 138, 7, 1),
(663, 81, 'Mokhtasar Menhaaj Al-Qasedeen', 'مختصر منهاج القاصدين', 'احمد', 'المقدسى', 'Darrulhadeeth', '2001/1422 H', '2', 'Mics.', 'B', 'A', '-', '-', 197, 112, 7, 1),
(664, 81, 'Menhaaj Al-Muslim', 'منهاج مسلم', 'ابو بكر', 'الجزائرى', 'Al-Nour AL-Islaamiah', '1976/1396 H', '8', 'Mics.', 'B', 'A', '-', '-', 198, 33, 7, 1),
(665, 81, 'Menhaaj Al-Muslim', 'منهاج مسلم', 'ابو بكر', 'الجزائرى', 'Al-Maktabah Al-Tawfeeqeeah', '-', '-', 'Mics.', 'B', 'A', '-', '-', 198, 28, 7, 1),
(666, 81, 'Menhaaj Al-Muslim', 'منهاج مسلم', 'ابو بكر', 'الجزائرى', 'Maktabet Al-Imaan', '-', '-', 'Mics.', 'B', 'A', '-', '-', 198, 185, 7, 1),
(667, 81, 'Menhaaj Al-Muslim', 'منهاج مسلم', 'ابو بكر', 'الجزائرى', 'Darrulfekr', '-', '-', 'Mics.', 'B', 'A', '-', '-', 198, 107, 7, 1),
(668, 81, 'Ketabulkabaa''er', 'كتاب الكبائر', 'شمس الدين', 'الذهبى', 'Mou''asaseet Al-Rayaan', '1991/1411 H', '2', 'Mics.', 'B', 'A', '-', '-', 199, 214, 7, 1),
(669, 81, 'Talbes Eblees', 'تلبيس ابليس', 'جمال الدين', 'البغدادى', 'Darrulmanaar', '1992/1412 H', '1', 'Mics.', 'B', 'A', '-', '-', 200, 131, 7, 1),
(670, 81, 'Talbes Eblees', 'تلبيس ابليس', 'جمال الدين', 'البغدادى', 'Darrulmanaar', '1992/1412 H', '1', 'Mics.', 'B', 'A', '-', '-', 200, 131, 7, 1),
(671, 81, 'Tahtheeb Madaarej Al-Saalkeen', 'تهذيب مدارج السالكين', 'ابن قيم', 'الجوزية', 'Mou''asaseet Al-Resaalah', '1998/1418 H', '6', 'Mics.', 'B', 'A', 'Volume 1', '-', 135, 215, 7, 1),
(672, 81, 'Tahtheeb Madaarej Al-Saalkeen', 'تهذيب مدارج السالكين', 'ابن قيم', 'الجوزية', 'Mou''asaseet Al-Resaalah', '1991/1412 H', '4', 'Mics.', 'B', 'A', 'Volume 1', '-', 135, 215, 7, 1),
(673, 81, 'Egaathat Al-Lahfaan men masa''ed Al-Shitaan', 'اغاثة اللهفان من مصائد الشيطان', 'شمس الدين', 'الجوزية', 'Darrulhadeeth', '2002/1423 H', '-', 'Mics.', 'B', 'A', 'Volume 1', '-', 155, 112, 7, 1),
(674, 81, 'Egaathat Al-Lahfaan men masa''ed Al-Shitaan', 'اغاثة اللهفان من مصائد الشيطان', 'شمس الدين', 'الجوزية', 'Maktabet Al-Safaa', '2001/1422 H', '1', 'Mics.', 'B', 'A', '', '-', 155, 199, 7, 1),
(675, 81, 'Egaathat Al-Lahfaan men masa''ed Al-Shitaan', 'اغاثة اللهفان من مصائد الشيطان', 'شمس الدين', 'الجوزية', 'Al-Maktab Al-Islaami, Maktabet Al-Khani', '1989/1409 H', '2', 'Mics.', 'B', 'A', 'Volume 1', '-', 155, 20, 7, 1),
(676, 81, 'Egaathat Al-Lahfaan men masa''ed Al-Shitaan', 'اغاثة اللهفان من مصائد الشيطان', 'شمس الدين', 'الجوزية', 'Al-Maktab Al-Islaami, Maktabet Al-Khani', '1989/1409 H', '2', 'Mics.', 'B', 'A', 'Volume 2', '-', 155, 20, 7, 1),
(677, 81, 'Egaathat Al-Lahfaan men masa''ed Al-Shitaan', 'اغاثة اللهفان من مصائد الشيطان', 'شمس الدين', 'الجوزية', 'Al-Nour AL-Islaamiah', '-', '-', 'Mics.', 'B', 'A', 'Volume 1', '-', 155, 33, 7, 1),
(678, 81, 'Al-Athkaar', 'الاذكار', 'محيى الدين', 'الشافعى', 'Darrulmarefah', '1992/1412 H', '4', 'Mics.', 'B', 'A', '-', '-', 201, 132, 7, 1),
(679, 81, 'Anees Al-Mousaafer w Salwat Al-Hadeer', 'أنيس المسافر وسلوة الحاضر', 'ناصر', 'الزهرانى', '-', '1417 H', '2', 'Mics.', 'B', 'A', '-', '9960-31-298-4', 202, 227, 7, 1),
(680, 81, 'Al-Daa'' Waldawaa''', 'الداء والدواء', 'شمس الدين', 'الجوزية', 'Dar Ibn Rajab', '2001/1422 H', '1', 'Mics.', 'B', 'A', '-', '-', 155, 77, 7, 1),
(681, 81, 'Al-Jawaab Al-Kaafi Leman Sa''ala aan Al-Dawaa'' Al-Shaafi', 'الجواب الكافى لمن سأل عن الدواء الشافى', 'شمس الدين', 'الجوزية', 'Darrulqalam', '1987/1407 H', '1', 'Mics.', 'B', 'A', '-', '-', 155, 138, 7, 1),
(682, 81, 'Haadi Al-Arwaah Ela Belaad Al-Afraah', 'حادى الارواح الى بلاد الافراح', 'محمد', 'الجوزية', 'Darrulqalam', '1983', '1', 'Mics.', 'B', 'A', '-', '-', 203, 138, 7, 1),
(683, 81, 'Bostaan Al-Waetheen W Riyaad Al-Saameen', 'بستان الواعظين ورياض السامعين', 'ابى الفرج', 'الحنبلى', 'Darrulketab Al-Arabi', '1993/1413 H', '-', 'Mics.', 'B', 'A', '-', '-', 204, 119, 7, 1),
(684, 81, 'Ketaab Al-Zohd W yalehi Ketaab Al-Raqaaeq', 'متاب الزهد ويليه كتاب الرقائق', 'عبدالله', 'المرزوى', 'Darrulkutub Al-Elmiiah', '-', '-', 'Mics.', 'B', 'A', '-', '-', 205, 128, 7, 1);
INSERT INTO `book` (`Book_ID`, `Call_no`, `Title`, `Alt_Title`, `Author_Fname`, `Author_Lname`, `Publisher`, `Publication_date`, `Edition`, `Category`, `Format`, `Language`, `Comments`, `ISBN`, `Author_ID`, `Publisher_ID`, `Category_ID`, `Language_ID`) VALUES
(685, 82, 'Tahreer Al-Mar''ah fe Asr Al-Resaalah', 'تحرير المرأة فى عصر الرسالة', 'عبدالحليم', 'ابو شقة', 'Darrulqalam', '1995/1415 H', '4', 'Women', 'B', 'A', 'Volume 1,3', '-', 206, 138, 9, 1),
(686, 82, 'Tahreer Al-Mar''ah fe Asr Al-Resaalah', 'تحرير المرأة فى عصر الرسالة', 'عبدالحليم', 'ابو شقة', 'Darrulqalam', '1995/1415 H', '4', 'Women', 'B', 'A', 'Volume 4,6', '-', 206, 138, 9, 1),
(687, 82, 'Awdatulhijaab', 'عودة الحجاب', 'محمد', 'المقدم', 'Dar Teebah', '1996/1417 H', '11', 'Women', 'B', 'A', 'Volume 1', '-', 138, 80, 9, 1),
(688, 82, 'Awdatulhijaab', 'عودة الحجاب', 'محمد', 'المقدم', 'Dar Teebah', '1996/1417 H', '11', 'Women', 'B', 'A', 'Volume 2', '-', 138, 80, 9, 1),
(689, 82, 'Tohfat Al-Arous', 'تحفة العروس', 'سعيد', 'صالح', 'Dar Ibn Khaldoun', '-', '-', 'Women', 'B', 'A', '', '-', 207, 76, 9, 1),
(690, 82, 'Tarbyyat Al-Awlaad felislaam', 'تربية الاولاد فى الاسلام', 'عبد الله', 'علوان', 'Darrulsalaam', '14983/1403 H', '6', 'Family', 'B', 'A', 'Volume 1', '-', 208, 150, 8, 1),
(691, 82, 'Tarbyyat Al-Awlaad felislaam', 'تربية الاولاد فى الاسلام', 'عبد الله', 'علوان', 'Darrulsalaam', '14983/1403 H', '6', 'Family', 'B', 'A', 'Volume 2', '-', 208, 150, 8, 1),
(692, 82, 'Manhaj Al-Tarbiaah Al-Nnabawiah Liltfl', 'منهج التربية النبوية للطفل', 'محمد', 'سويد', 'Dar Ibn Katheer', '1998/1419 H', '1', 'Family', 'B', 'A', 'Volume 1', '-', 209, 75, 8, 1),
(693, 82, 'Manhaj Al-Tarbiaah Al-Nnabawiah Liltfl', 'منهج التربية النبوية للطفل', 'محمد', 'سويد', 'Dar Ibn Katheer', '1998/1419 H', '1', 'Family', 'B', 'A', 'Volume 2', '-', 209, 75, 8, 1),
(694, 82, 'Tarbiyyat Al-Awlaad felislaam', 'تربية الاولاد فى الاسلام', 'عبدالله', 'علوان', 'Darrulsalaam', '2002/1423 H', '38', 'Family', 'B', 'A', 'Volume 1', '977-5146-04-6', 210, 150, 8, 1),
(695, 82, 'Tarbiyyat Al-Awlaad felislaam', 'تربية الاولاد فى الاسلام', 'عبدالله', 'علوان', 'Darrulsalaam', '2002/1423 H', '38', 'Family', 'B', 'A', 'Volume 2', '977-5146-04-6', 210, 150, 8, 1),
(696, 82, 'Fan Tarbiyyat Al-Awlaad felislaam', 'فن تربية الاولاد فى الاسلام', 'محمد', 'مرسى', 'Darrultawzeh walnnashr Al-Islaamiah', '1998/1418 H', '-', 'Family', 'B', 'A', 'Volume 1', '977-235-194-7', 211, 154, 8, 1),
(697, 82, 'Fan Tarbiyyat Al-Awlaad felislaam', 'فن تربية الاولاد فى الاسلام', 'محمد', 'مرسى', 'Darrultawzeh walnnashr Al-Islaamiah', '1998/1418 H', '-', 'Family', 'B', 'A', 'Volume 2', '977-235-194-7', 211, 154, 8, 1),
(698, 83, 'Diyaan Bougyat Al-Khtabaa'' walwaaetheen', 'ديوان بغية الخطباء والواعظين', 'عبدالرحمن', 'الكمالى', 'Geraas', '2002/1422 H', '1', 'Mics.', 'B', 'A', 'Volume 1', '-', 212, 166, 7, 1),
(699, 83, 'Al-Arbaaoun Al-Manbariiah', 'الاربعون المنبرية', 'عبدالعظيم', 'الخلفى', 'Dar Ibn Rajab', '1996/1417 H', '1', 'Mics.', 'B', 'A', '-', '-', 144, 77, 7, 1),
(700, 83, 'Oulow Al-Hemmah', 'علو الهمة', 'محمد', 'المقدم', 'Darrulaqeedah', '1999', '4', 'Mics.', 'B', 'A', '-', '977-5458-75-7', 138, 94, 7, 1),
(701, 83, 'Majmouat Rasaaee''l Al-Tawjeehaat Al-Islaamiah Lislaah Al-Far walmoujtama', 'مجموعة رسائل التوجيهات الاسلامية لاصلاح الفرد والمجتمع', 'محمد', 'زينو', '-', '-', '5', 'Mics.', 'B', 'A', '-', '-', 213, 227, 7, 1),
(702, 83, 'Al-Mostakhlas fe Tazkyyat Al-Annfous', 'المستخلص فى تزكية الانفس', 'سعيد', 'حوى', 'Darrulsalaam', '2008/1429 H', '14', 'Mics.', 'B', 'A', '-', '-', 169, 150, 7, 1),
(703, 83, 'Faferou ela Allaah', 'ففروا الى الله', 'ابى ذر', 'القلمونى', 'Darrulforqaan', '-', '-', 'Mics.', 'B', 'A', '-', '-', 214, 111, 7, 1),
(704, 83, 'Faferou ela Allaah', 'ففروا الى الله', 'ابى ذر', 'القلمونى', 'Darrultaqwaa', '2000', '-', 'Mics.', 'B', 'A', '-', '-', 214, 153, 7, 1),
(705, 83, 'Ebtasem', 'ابتسم', 'عائض', 'القرنى', 'Maktabet Al-Abeekaan', '2004/1425 H ', '-', 'Mics.', 'B', 'A', '-', '9960-40-260-2', 215, 180, 7, 1),
(706, 83, 'Ehfath Allaah Yahfathak', 'احفظ الله يحفظك', 'عائض', 'القرنى', 'Dar Ibn Hazm', '2001/1422 H', '1', 'Mics.', 'B', 'A', '-', '-', 215, 74, 7, 1),
(707, 83, 'Osoul Al-wousoul ela Allaahu Taala', 'أصول الوصول الى الله تعالى', 'محمد', 'يعقوب', 'Dar Ibn Al-Jawzi', '2004/1424 H', '2', 'Mics.', 'B', 'A', '-', '-', 216, 70, 7, 1),
(708, 83, 'Nouzhat Al-Majaales w Montakhab Al-Nnfaa''es', 'نزهة المجالس ومنتخب المجالس', 'عبدالرحمن', 'الشافعى', 'Al-Maktabah Al-Asriiah', '2004/1424 H', '1', 'Mics.', 'B', 'A', '-', '-', 217, 25, 7, 1),
(709, 83, 'Rasaa''el Moubkeeah', 'رسائل مبكية', 'فتحى', 'الجندى', 'Darrulketab walsunnah', '1997/1417 H', '2', 'Mics.', 'B', 'A', '-', '-', 218, 121, 7, 1),
(710, 83, 'Al-Teb Al-Nnabawi', 'الطب النبوى', 'شمس الدين', 'الجوزية', 'Maktabet Al-Magrabi', '1999/1419 H', '1', 'Mics.', 'B', 'A', '-', '-', 155, 191, 7, 1),
(711, 83, 'Osoul Al-Dawah', 'أصول الدعوة', 'عبدالكريم', 'زيدان', 'Mou''saset Al-Resaalah, Maktabet Al-Quds', '1987/1407 H', '2', 'Mics.', 'B', 'A', '-', '-', 122, 219, 7, 1),
(712, 83, 'Osoul Al-Dawah', 'أصول الدعوة', 'عبدالكريم', 'زيدان', 'Mou''saset Al-Resaalah', '1999/1420 H', '9', 'Mics.', 'B', 'A', '-', '-', 122, 218, 7, 1),
(713, 83, 'Majmouat Rasaa''el Al-Imaam Al-Shaheed Hasaan Al-Banna', 'دعوة الامام الشهيد حسن البنا', '-', '-', 'Darrul Al-Tawzeea Walnasr Al-Islaamiah', '1992/1412 H', '-', 'Mics.', 'B', 'A', '-', '-', 37, 90, 7, 1),
(714, 83, 'Mashaara Al-Ashwaaq ela Masaarea Al-Oushaaq W Mouther Al-Garaam ela Darrulsalaam', 'مشارع الاشواق الى مصارع العشاق ومثير الغرام الى دار السلام', 'ابى زكريا', 'الدمياطى', 'Darrulnasr Al-Islaamiah', '1997/1417 H', '2', 'Mics.', 'B', 'A', 'Volume 1', '-', 219, 137, 7, 1),
(715, 83, 'Mashaara Al-Ashwaaq ela Masaarea Al-Oushaaq W Mouther Al-Garaam ela Darrulsalaam', 'مشارع الاشواق الى مصارع العشاق ومثير الغرام الى دار السلام', 'ابى زكريا', 'الدمياطى', 'Darrulnasr Al-Islaamiah', '1997/1417 H', '2', 'Mics.', 'B', 'A', 'Volume 2', '-', 219, 137, 7, 1),
(716, 83, 'Eqtesaadounaa', 'اقتصادنا', 'محمد', 'الصدر', 'Darrulartaarouf Lilmatbouaat', '1982/1402 H', '16', 'Mics.', 'B', 'A', '-', '-', 220, 96, 7, 1),
(717, 83, 'Tareeq Al-Hijrateen w Bab Al-Saadateen', 'طريق الهجرتين وباب السعادتين', 'ابن قيم', 'الجوزية', 'Darrulhadeeth', '2001/1422 H', '-', 'Mics.', 'B', 'A', '-', '-', 135, 112, 7, 1),
(718, 83, 'Qesat Al-Eltezaam waltakhalous men Rawaseeb Al-Jaaheliaa', 'قصة الالتزام والتخلص من رواسب الجاهلية', 'محمد', 'يعقوب', 'Dar Ibn Al-Jawzi', '2004/1425 H ', '1', 'Mics.', 'B', 'A', '-', '-', 216, 70, 7, 1),
(719, 83, 'Al-Saarem Al-Monki felrad ala AL-Ssoubki', 'الصارم المنكى فى الرد على السبكى', 'ابى عبدالله', 'المقدسى', 'Al-Re''asaah Al-Aamah Liedaaraat Al-Bohouth Al-Elmiaah waleftaa'' walershaad', '1983/1403 H', '-', 'Mics.', 'B', 'A', '-', '-', 221, 37, 7, 1),
(720, 83, 'Al-Tashreea AL-Jenaa''ei Al-Islaami Mouqaaranan Belqanoun Al-Wadei', 'التشريع الجنائى الاسلامى مقارنا بالقانون الوضعى', 'عبدالقادر', 'عودة', 'Mou''saset Al-Resaalah', '1997/1418 H', '14', 'Mics.', 'B', 'A', 'Volume 2', '-', 222, 218, 7, 1),
(721, 83, 'Ousoul Al-Eqtesaad Al-Islaami w Nathareeat Al-Tawaazon Al-Iqtesaadi felislaam', 'أصول الاقتصاد الاسلامى ونظرية التوازن الاقتصادى فى الاسلام', 'امين', 'عبداللاه', 'Essa Al-Babi Al-Halbi w Shourakaah', '1984/1404 H', '1', 'Mics.', 'B', 'A', '-', '-', 223, 165, 7, 1),
(722, 83, 'Al-Fawaa''ed', 'الفوائد', 'شمس الدين', 'الجوزية', 'Darrulrayaan', '1987/1407 H', '1', 'Mics.', 'B', 'A', '-', '-', 155, 143, 7, 1),
(723, 83, 'Qaaedah Jaleelah feltawasoul walwassilah', 'قاعدة جليلة فى التوسل والوسيلة', 'عبدالقادر', 'الارناؤوط', 'Al-Re''asaah Al-Aamah Liedaaraat Al-Bohouth Al-Elmiaah waleftaa'' ', '1999/1420 H', '1', 'Mics.', 'B', 'A', '-', '-', 224, 36, 7, 1),
(724, 83, 'Montalqaat Taaleb Al-Elm', 'منطلقات طالب العلم', 'محمد', 'يعقوب', '-', '2002/1423 H', '3', 'Mics.', 'B', 'A', '-', '-', 216, 227, 7, 1),
(725, 84, 'Hewaar Haadi'' Maa Muhammad Al-Gazaali', 'حوار هادئ مع محمد الغزالى', 'سلمان', 'العودة', '-', '1409 H', '1', 'Mics.', 'B', 'A', '-', '-', 225, 227, 7, 1),
(726, 84, 'Al-Shiekh Muhammad Al-Gazaali - Hayaatouh w Asrouh  w Abraz man Ta''sar behm', 'الشيخ محمد الغزالى- حياته وعصره وأبرز من تأثر بهم', 'رمضان', 'الغريب', 'Darrulharam Liltourath', '2003/1423 H', '1', 'Mics.', 'B', 'A', '-', '977-6038-01-8', 226, 114, 7, 1),
(727, 84, 'Khotab Al-Shiekh Muhammad Al-Gazaali fe Sho''un Al-Deen walhayaah', 'خطب الشيخ محمد الغزالى فى شئون الدين والحياة', 'قطب/محمد', 'قطب/عاشور', 'Darruletesaam', '1988', '-', 'Mics.', 'B', 'A', '-', '977-142-196-X', 227, 103, 7, 1),
(728, 84, 'Khotab Al-Shiekh Muhammad Al-Gazaali fe Sho''un Al-Deen walhayaah', 'خطب الشيخ محمد الغزالى فى شئون الدين والحياة', 'قطب/محمد', 'قطب/عاشور', 'Darruletesaam', '1989', '-', 'Mics.', 'B', 'A', 'Volume 4', '977-142-239-1', 227, 103, 7, 1),
(729, 84, 'Khotab Al-Shiekh Muhammad Al-Gazaali fe Sho''un Al-Deen walhayaah', 'خطب الشيخ محمد الغزالى فى شئون الدين والحياة', 'قطب/محمد', 'قطب/عاشور', 'Darruletesaam', '1989', '-', 'Mics.', 'B', 'A', 'Volume 3', '-', 227, 103, 7, 1),
(730, 84, 'Mahaawer Al-Mashroua Al-Fekri Leda Al-Shiekh Muhammad Al-Gazaali', 'محاور المشروع الفكرى لدى الشيخ محمد الغزالى', 'رمضان', 'الغريب', 'Darrulharam Liltourath', '2003/1423 H', '1', 'Mics.', 'B', 'A', '-', '977-6038-04-2', 226, 114, 7, 1),
(731, 84, 'Kaifa Nafham Al-Islaam', 'كيف نفهم الاسلام', 'محمد', 'الغزالى', 'Darruldawah', '1991/1411 H', '1', 'Mics.', 'B', 'A', '-', '977-254-005-4', 27, 100, 7, 1),
(732, 84, 'Hathaa Deenanaa', 'هذا ديننا', 'محمد', 'الغزالى', 'Darrulthaqaafah', '1985/1405 H', '-', 'Mics.', 'B', 'A', '-', '-', 27, 155, 7, 1),
(733, 84, 'Qath''ef Al-Haq', 'قذائف الحق', 'محمد', 'الغزالى', 'Dar Thata Al-Salaasel', '1980', '4', 'Mics.', 'B', 'A', '-', '-', 27, 84, 7, 1),
(734, 84, 'Jehaad Al-Dawah', 'جهاد الدعوة', 'محمد', 'الغزالى', 'Darrulsahwah', '1987', '-', 'Mics.', 'B', 'A', '-', '977-1430-86-6', 27, 149, 7, 1),
(735, 84, 'Hasaad Al-Grour', 'حصاد الغرور', 'محمد', 'الغزالى', 'Darrulqalam', '1998/1419 H', '3', 'Mics.', 'B', 'A', '-', '-', 27, 138, 7, 1),
(736, 84, 'Hasaad Al-Grour', 'حصاد الغرور', 'محمد', 'الغزالى', 'Darrulbayaan', '1970/1390 H', '1', 'Mics.', 'B', 'A', '-', '-', 27, 99, 7, 1),
(737, 84, 'Mafaaheem Yanbagi An Tosahah', 'مفاهيم ينبغى أن تصحح', 'محمد', 'قطب', 'Darrulshorouuq', '1995/1415 H', '', 'Mics.', 'B', 'A', '-', '977-148-190-8', 61, 151, 7, 1),
(738, 84, 'Asmaa'' Allaahu Al-Hossna', 'أسماء الله الحسنى', 'عبدالحميد', 'كشك', 'Al-Mokhtaar Al-Islaami', '1990', '-', 'Mics.', 'B', 'A', '-', '977-220-000-7', 228, 31, 7, 1),
(739, 84, 'Al-Ensaan Bayna Al-Maadeeah Walislaam', 'الانسان بين المادية والاسلام', 'محمد', 'قطب', 'Darrulshorouuq', '1989/1409 H', '10', 'Mics.', 'B', 'A', '-', '977-148-322-6', 61, 151, 7, 1),
(740, 84, 'Ro''eyah Islaamiah Leahwaal Al-Alaam Al-Mouaser', 'رؤية اسلامية لاحوال العالم المعاصر', 'محمد', 'قطب', 'Maktabet As-Sunnah', '1991/1411 H', '1', 'Mics.', 'B', 'A', '-', '-', 61, 201, 7, 1),
(741, 84, 'Manhaj Al-Tarbiaah Al-Islaamiah', 'منهج التربية الاسلامية', 'محمد', 'قطب', 'Darrulshorouuq', '1993/1414 H', '', 'Mics.', 'B', 'A', 'Volume 1', '977-09-0135-0', 61, 151, 7, 1),
(742, 84, 'Ar-Rasuu walelm', 'الرسول والعلم', 'يوسف', 'القرضاوى', 'Mou''saset Al-Resaalah', '1997/1417 H', '7', 'Mics.', 'B', 'A', '-', '-', 58, 218, 7, 1),
(743, 84, 'Al-Thaqaafah Al-Arabiah Al-Islaamiah Bayna Al-Asaalah walmoaaserah', 'الثقافة العربية الاسلامية بين الاصالة والمعاصرة', 'يوسف', 'القرضاوى', 'Maktabet Wahbah', '1994/1414 H', '1', 'Mics.', 'B', 'A', '-', '-', 58, 208, 7, 1),
(744, 84, 'Al-Islaam Walalmaanyyah Wajhaan Liwajh', 'الاسلام والعلمانية وجها لوجه', 'يوسف', 'القرضاوى', 'Mou''saset Al-Resaalah', '1997/1417 H', '4', 'Mics.', 'B', 'A', '-', '-', 58, 218, 7, 1),
(745, 84, 'Baynnat AL-Hal AL-Islaami w Shoubhaat Al-Almaanyyeen walmogrrabeen', 'بينات الحل الاسلامى وشبهات العلمانيين والمتغربين', 'يوسف', 'القرضاوى', 'Dar Al-Kitab Al-Arabi USA', '-', '-', 'Mics.', 'B', 'A', '-', '-', 58, 52, 7, 1),
(746, 84, 'Al-Holoul Al-Moustawradah w kaifa Janat Ala Oumatnaa', 'الحلول المستوردة وكيف جنت على أمتنا', 'يوسف', 'القرضاوى', 'Mou''saset Al-Resaalah', '1989/1409 H', '15', 'Mics.', 'B', 'A', '-', '-', 58, 218, 7, 1),
(747, 84, 'Al-Holoul Al-Moustawradah w kaifa Janat Ala Oumatnaa', 'الحلول المستوردة وكيف جنت على أمتنا', 'يوسف', 'القرضاوى', '-', '-', '-', 'Mics.', 'B', 'A', '-', '-', 58, 227, 7, 1),
(748, 84, 'Al-Hal Al-Islaami Faredah w Darourah', 'الحل الاسلامى فريضة وضرورة', 'يوسف', 'القرضاوى', 'Mou''saset Al-Resaalah', '1993/1414 H', '14', 'Mics.', 'B', 'A', '-', '-', 58, 218, 7, 1),
(749, 84, 'Al-Islaam Hadaret Al-Gad', 'الاسلام حضارة الغد', 'يوسف', 'القرضاوى', 'Maktabet Wahbah', '1995/1416 H', '1', 'Mics.', 'B', 'A', '-', '977-225-077-2', 58, 208, 7, 1),
(750, 84, 'Al-Ejtehaad Al-Moaaser bayna Al-Endebaat walenferaat', 'الاجتهاد المعاصر بين الانضباط والانفراد', 'يوسف', 'القرضاوى', 'Darrul Al-Tawzeea Walnasr Al-Islaamiah', '1994/1414 H', '-', 'Mics.', 'B', 'A', '-', '977-265-094-0', 58, 90, 7, 1),
(751, 84, 'Al-Ejtehaad Al-Moaaser bayna Al-Endebaat walenferaat', 'الاجتهاد المعاصر بين الانضباط والانفراد', 'يوسف', 'القرضاوى', 'Darrul Al-Tawzeea Walnasr Al-Islaamiah', '1994/1414 H', '-', 'Mics.', 'B', 'A', '-', '977-265-094-0', 58, 90, 7, 1),
(752, 84, 'Al-Ejtehaad felshareeah Al-Islaamiah', 'الاجتهاد فى الشريعة الاسلامية', 'يوسف', 'القرضاوى', 'Darrulqalam', '-', '-', 'Mics.', 'B', 'A', '-', '-', 58, 138, 7, 1),
(753, 84, 'Madkhal Ledraasat Al-Shareah Al-Islaamiah', 'مدخل لدراسة الشريعة الاسلامية', 'يوسف', 'القرضاوى', '-', '-', '-', 'Mics.', 'B', 'A', '-', '-', 58, 227, 7, 1),
(754, 84, 'Shareeat Al-Islaam', 'شريعة الاسلام', 'يوسف', 'القرضاوى', '-', '-', '-', 'Mics.', 'B', 'A', '-', '-', 58, 227, 7, 1),
(755, 84, 'Shareeat Al-Islaam', 'شريعة الاسلام', 'يوسف', 'القرضاوى', 'Al-Maktab AL-Islaami', '1983/1403 H', '3', 'Mics.', 'B', 'A', '-', '-', 58, 19, 7, 1),
(756, 84, 'Al-Seyaasah Al-Shareiah fe Dou'' Nesous Al-Shareeah w Maqaasedhaa', 'السياسة الشرعية فى ضوء نصوص الشريعة ومقاصدها', 'يوسف', 'القرضاوى', 'Maktabet Wahbah', '1998/1419 H', '1', 'Mics.', 'B', 'A', '-', '-', 58, 208, 7, 1),
(757, 84, 'Moshkelat Al-Faqr W kaifa Alajahaa Al-Islaam', 'مشكلة الفقر وكيف عالجها الاسلام', 'يوسف', 'القرضاوى', '-', '-', '-', 'Mics.', 'B', 'A', '-', '-', 58, 227, 7, 1),
(758, 84, 'Moshkelat Al-Faqr W kaifa Alajahaa Al-Islaam', 'مشكلة الفقر وكيف عالجها الاسلام', 'يوسف', 'القرضاوى', 'Maktabet Wahbah', '1995/1415 H', '6', 'Mics.', 'B', 'A', '-', '977-225-070-5', 58, 208, 7, 1),
(759, 84, 'Nahwa Whdah Fekriah Lilaameleen lilislaam', 'نحو وحدة فكرية للعاملين للاسلام', 'يوسف', 'القرضاوى', 'Maktabet Wahbah', '1991/1412 H', '1', 'Mics.', 'B', 'A', '-', '977-225-016-0', 58, 208, 7, 1),
(760, 84, 'Nahwa Whdah Fekriah Lilaameleen lilislaam', 'نحو وحدة فكرية للعاملين للاسلام', 'يوسف', 'القرضاوى', 'Maktabet Wahbah', '1991/1412 H', '1', 'Mics.', 'B', 'A', '-', '977-225-016-0', 58, 208, 7, 1),
(761, 84, 'Madkhal Ledraasat Al-Shareah Al-Islaamiah', 'مدخل لدراسة الشريعة الاسلامية', 'يوسف', 'القرضاوى', 'Mou''saset Al-Resaalah', '1993/1414 H', '1', 'Mics.', 'B', 'A', '-', '-', 58, 218, 7, 1);

-- --------------------------------------------------------

--
-- Table structure for table `category`
--

CREATE TABLE IF NOT EXISTS `category` (
  `Category_ID` int(11) NOT NULL AUTO_INCREMENT,
  `Category_name` varchar(20) CHARACTER SET utf8 COLLATE utf8_unicode_ci NOT NULL,
  PRIMARY KEY (`Category_ID`)
) ENGINE=MyISAM  DEFAULT CHARSET=latin1 AUTO_INCREMENT=10 ;

--
-- Dumping data for table `category`
--

INSERT INTO `category` (`Category_ID`, `Category_name`) VALUES
(1, 'Quran'),
(2, 'Hadith'),
(3, 'Aqeedah'),
(4, 'Fiqh'),
(5, 'Seerah'),
(6, 'History'),
(7, 'Mics.'),
(8, 'Family'),
(9, 'Women');

-- --------------------------------------------------------

--
-- Table structure for table `language`
--

CREATE TABLE IF NOT EXISTS `language` (
  `Language_ID` int(11) NOT NULL AUTO_INCREMENT,
  `Language_name` varchar(20) CHARACTER SET utf8 COLLATE utf8_unicode_ci NOT NULL,
  PRIMARY KEY (`Language_ID`)
) ENGINE=MyISAM  DEFAULT CHARSET=latin1 AUTO_INCREMENT=3 ;

--
-- Dumping data for table `language`
--

INSERT INTO `language` (`Language_ID`, `Language_name`) VALUES
(1, 'A'),
(2, 'E');

-- --------------------------------------------------------

--
-- Table structure for table `loan`
--

CREATE TABLE IF NOT EXISTS `loan` (
  `Loan_ID` int(11) NOT NULL AUTO_INCREMENT,
  `User_ID` int(11) NOT NULL COMMENT 'Foreign key from User table',
  `Book_ID` int(10) NOT NULL COMMENT 'Foreign key from Book table',
  `Due_date` date NOT NULL,
  `Check_date` date NOT NULL,
  `count` int(11) NOT NULL,
  PRIMARY KEY (`Loan_ID`)
) ENGINE=MyISAM  DEFAULT CHARSET=latin1 AUTO_INCREMENT=12 ;

--
-- Dumping data for table `loan`
--

INSERT INTO `loan` (`Loan_ID`, `User_ID`, `Book_ID`, `Due_date`, `Check_date`, `count`) VALUES
(1, 4, 1, '2012-02-02', '2012-01-19', 1),
(6, 4, 1, '2012-02-02', '2012-01-19', 1),
(3, 4, 16, '2012-02-02', '2012-01-19', 1),
(4, 4, 1, '2012-02-02', '2012-01-19', 1),
(5, 4, 1, '2012-02-02', '2012-01-19', 1),
(7, 4, 47, '2012-02-02', '2012-01-19', 1),
(8, 1, 2, '2012-02-02', '2012-01-19', 1),
(9, 1, 47, '2012-02-02', '2012-01-19', 1),
(10, 5, 38, '2012-02-05', '2012-01-22', 1),
(11, 5, 47, '2012-02-05', '2012-01-22', 1);

-- --------------------------------------------------------

--
-- Table structure for table `publisher`
--

CREATE TABLE IF NOT EXISTS `publisher` (
  `Publisher_ID` int(11) NOT NULL AUTO_INCREMENT,
  `Publisher_name` varchar(100) CHARACTER SET utf8 COLLATE utf8_unicode_ci NOT NULL,
  PRIMARY KEY (`Publisher_ID`)
) ENGINE=MyISAM  DEFAULT CHARSET=latin1 AUTO_INCREMENT=229 ;

--
-- Dumping data for table `publisher`
--

INSERT INTO `publisher` (`Publisher_ID`, `Publisher_name`) VALUES
(6, 'Al-Dar Al-Alamiah'),
(3, 'Al-Ahraam'),
(2, 'Al-Aafaaq Al-Dawliah lilealaam'),
(1, 'Maktabet Al-Nahdah Al-Masrieah'),
(4, 'Al-Azhar AL-Shareef'),
(5, 'Al-Bahseer'),
(7, 'Al-Dar Al-Arabiah lilmawsouaat'),
(8, 'Al-Dar Al-Saudiah'),
(9, 'Al-Faisaliah'),
(10, 'Al-Fath lilelaam Al-Arabi'),
(11, 'Al-Fath lillelaam Alarabi'),
(12, 'Al-Jaamaah Al-Islamiah belmadinah Al-Monawarah'),
(13, 'Al-Jaamah Al-Islamiah Belmadinah Al-Monawarah'),
(14, 'Al-Jaameah Al-Islaamiah Belmadinah Al-Mounawarah'),
(15, 'Al-maahad Al-Elmi lilfekr Al-Islami'),
(16, 'Al-Mahad Al-Alie lilfekr Al-Islaamii'),
(17, 'Al-Makatabah Al-Elmiah Al-Jadeedah'),
(18, 'Al-Makatabah Al-Tawfeeqiah'),
(19, 'Al-Maktab Al-Islaami'),
(20, 'Al-Maktab Al-Islaami, Maktabet Al-Khani'),
(21, 'Al-Maktab Al-Islami'),
(22, 'Al-Maktaba Al-Tawfeeqyyah'),
(23, 'Al-Maktabah Al-Asreeah'),
(24, 'Al-Maktabah Al-Asreiah'),
(25, 'Al-Maktabah Al-Asriiah'),
(26, 'Al-Maktabah AL-Elmiah'),
(27, 'Al-Maktabah Al-Islaamiah'),
(28, 'Al-Maktabah Al-Tawfeeqeeah'),
(29, 'Al-Maktabah Al-Tawfeeqiah'),
(30, 'Al-Mataaba Al-Ahliah liloufset'),
(31, 'Al-Mokhtaar Al-Islaami'),
(32, 'Al-Nadwah Al-Elmiaah lilshabab Al-Islaami'),
(33, 'Al-Nour AL-Islaamiah'),
(34, 'Al-Nour Al-Islamiah'),
(35, 'Al-Re''aasah Al-Aamah ledaaraat Al-Behouth Al-Elmiah waleftaa'' waldawahh walershad'),
(36, 'Al-Re''asaah Al-Aamah Liedaaraat Al-Bohouth Al-Elmiaah waleftaa'''),
(37, 'Al-Re''asaah Al-Aamah Liedaaraat Al-Bohouth Al-Elmiaah waleftaa'' walershaad'),
(38, 'Al-Rea''asah Al-Amaah liedareet Al-Bouhouth Al-Elmiaah w Al-Eftaa'' w Al-Dawah w Al-Ershaad'),
(39, 'Al-Rea''asah Edareet Al-Bouhouth Al-Elmiaah w Al-Eftaa'''),
(40, 'Al-Resaalah'),
(41, 'Alaam Al-Koutub'),
(42, 'Alam Al-Kutub'),
(43, 'Almanaar'),
(44, 'Arrea`asaah Al-Ammah liedaraat Al-Bouhouuth Al-Elmiah waleftaa'),
(45, 'Arresalah'),
(46, 'Azhraa'' Lilelaam Al-Arabi'),
(47, 'Azzhraa'' lilelaam Al-Arabi'),
(48, 'Dar Al-Dawah Al-Islaamiah'),
(49, 'Dar Al-Fekr'),
(50, 'Dar Al-Hadith'),
(51, 'Dar Al-Jeel'),
(52, 'Dar Al-Kitab Al-Arabi USA'),
(53, 'Dar Al-Kutub Al-Elmeehah'),
(54, 'Dar Al-Lewaa'),
(55, 'Dar Al-Qur''an Al-Kareem'),
(56, 'Dar Al-Rayaan lil-torath'),
(57, 'Dar Al-Rayaan Liltourath'),
(58, 'Dar Al-Shrooq'),
(59, 'Dar Al-Tawzee Walnashr Al-Islaamiah'),
(60, 'Dar Al-Tawzeeh Wal-Nashr Al-Islamiah'),
(61, 'Dar Al-Torath Al-Arabi'),
(62, 'Dar Al-Waraaq'),
(63, 'Dar Al-Watan'),
(64, 'Dar As-Salaam'),
(65, 'Dar Blemseah'),
(66, 'Dar Eheyaa'' Al-Kutub Al-Arabiah'),
(67, 'Dar Ehiaa'' Al-Kutub Al-Arabiah'),
(68, 'Dar El-Marefah'),
(69, 'Dar Ibn Al-Haitham'),
(70, 'Dar Ibn Al-Jawzi'),
(71, 'Dar Ibn Al-Jawzii'),
(72, 'Dar Ibn Al-Jouzi'),
(73, 'Dar Ibn Al-Qyiam, Dar Ibn Afaan'),
(74, 'Dar Ibn Hazm'),
(75, 'Dar Ibn Katheer'),
(76, 'Dar Ibn Khaldoun'),
(77, 'Dar Ibn Rajab'),
(78, 'Dar Ihyaa'' Al-Kutub Al-Arabiah'),
(79, 'Dar Nour Al-Islaam'),
(80, 'Dar Teebah'),
(81, 'Dar Thabet, Dar Al-Mouqatam'),
(82, 'Dar Thabet, Darrulrayyan'),
(83, 'Dar Thaqaafet Al-Qalam Al-Arabi'),
(84, 'Dar Thata Al-Salaasel'),
(85, 'Dar- Al-Rayaan liltorath'),
(86, 'Darroulfikr'),
(87, 'Darroulketaab Alarabi'),
(88, 'Darroultaqwah'),
(89, 'Darruaasemah'),
(90, 'Darrul Al-Tawzeea Walnasr Al-Islaamiah'),
(91, 'Darrul Tawzeeh W Al-Nashr Al-Islamiah'),
(92, 'Darruladab Al-Islaami'),
(93, 'Darrulandalous Al-Khadraa'''),
(94, 'Darrulaqeedah'),
(95, 'Darrularqam'),
(96, 'Darrulartaarouf Lilmatbouaat'),
(97, 'Darrulaseemah'),
(98, 'Darrulbashaae''r Al-Islamiah'),
(99, 'Darrulbayaan'),
(100, 'Darruldawah'),
(101, 'Darruleatessam'),
(102, 'Darrulelam'),
(103, 'Darruletesaam'),
(104, 'Darrulfadeelah'),
(105, 'Darrulfath'),
(106, 'Darrulfath lilelaam Alarabi'),
(107, 'Darrulfekr'),
(108, 'Darrulfekr Al-Arabi'),
(109, 'Darrulfekr Al-Mouaaser'),
(110, 'Darrulfikr'),
(111, 'Darrulforqaan'),
(112, 'Darrulhadeeth'),
(113, 'Darrulhadith'),
(114, 'Darrulharam Liltourath'),
(115, 'Darrulhijrah'),
(116, 'Darrulimaan'),
(117, 'DarrulJeel'),
(118, 'Darrulketaab Al-Arabi'),
(119, 'Darrulketab Al-Arabi'),
(120, 'Darrulketab Al-Lebnani, Maktabet Al-Madrasah'),
(121, 'Darrulketab walsunnah'),
(122, 'Darrulkhair'),
(123, 'Darrulkhani'),
(124, 'Darrulkheir'),
(125, 'DarrulKoutub Al-Elmiah'),
(126, 'Darrulkutub Al-Elmeeah'),
(127, 'Darrulkutub Al-Elmiah'),
(128, 'Darrulkutub Al-Elmiiah'),
(129, 'Darrulkutub Al-Hadeetha'),
(130, 'Darrulmaali'),
(131, 'Darrulmanaar'),
(132, 'Darrulmarefah'),
(133, 'Darrulmuslim'),
(134, 'Darrulnafa''aes'),
(135, 'Darrulnahdah Al-Arabiah'),
(136, 'DarrulNasfa''ess'),
(137, 'Darrulnasr Al-Islaamiah'),
(138, 'Darrulqalam'),
(139, 'Darrulqura''n Al-Kareem'),
(140, 'Darrulraayah'),
(141, 'Darrulrahmah'),
(142, 'Darrulraiaah'),
(143, 'Darrulrayaan'),
(144, 'Darrulrayaan lilturaath'),
(145, 'Darrulrayyan Liltourath'),
(146, 'Darrulresaalah'),
(147, 'Darrulriyaad'),
(148, 'Darrulsabouni'),
(149, 'Darrulsahwah'),
(150, 'Darrulsalaam'),
(151, 'Darrulshorouuq'),
(152, 'Darrulshouroq'),
(153, 'Darrultaqwaa'),
(154, 'Darrultawzeh walnnashr Al-Islaamiah'),
(155, 'Darrulthaqaafah'),
(156, 'Darrulthaqafah'),
(157, 'Darrultourath'),
(158, 'Darrultourath Al-Arabi'),
(159, 'Darrulturaath'),
(160, 'Darrulturrath Alarabi'),
(161, 'Darrulwafaa'''),
(162, 'Darrulwataan'),
(163, 'Darrulzakhe''r'),
(164, 'Edaret Tarjoumaan As-sunnah'),
(165, 'Essa Al-Babi Al-Halbi w Shourakaah'),
(166, 'Geraas'),
(167, 'Hadith Acadami'),
(168, 'Hajjaj'),
(169, 'Hajr'),
(170, 'Hakikat'),
(171, 'Hassaan'),
(172, 'Ibn Rajab'),
(173, 'Jamaeat Ehiaa'' Al-Torath Al-Islami'),
(174, 'Jamaet Ehyaa'),
(175, 'Jameet Al-Imaam Mohmed Ibn Soud Al-Islamiah'),
(176, 'Maktabeet Al-Dawah'),
(177, 'Maktabeet Al-Falaah, Darrulfa''ess'),
(178, 'Maktabeet Al-Imaan'),
(179, 'Maktabeet Wahbah'),
(180, 'Maktabet Al-Abeekaan'),
(181, 'Maktabet Al-Adaab'),
(182, 'Maktabet Al-Dar Belmadinah Al-Monnawarah'),
(183, 'Maktabet Al-Elm'),
(184, 'Maktabet Al-Falaah'),
(185, 'Maktabet Al-Imaan'),
(186, 'Maktabet Al-khadamaat Al-Hadeethah'),
(187, 'Maktabet Al-Khanja'),
(188, 'Maktabet Al-Maareef'),
(189, 'Maktabet Al-Maareef'),
(190, 'Maktabet Al-Maaref'),
(191, 'Maktabet Al-Magrabi'),
(192, 'Maktabet Al-Manaar'),
(193, 'Maktabet Al-Mareef'),
(194, 'Maktabet Al-Mou''ed'),
(195, 'Maktabet Al-Muslim'),
(196, 'Maktabet Al-Nahdah Al-Hadithah'),
(197, 'Maktabet Al-Quran'),
(198, 'Maktabet Al-Riyad Al-Hadithah'),
(199, 'Maktabet Al-Safaa'),
(200, 'Maktabet As-Sahaabah'),
(201, 'Maktabet As-Sunnah'),
(202, 'Maktabet Darrulturrath'),
(203, 'Maktabet Fayaad'),
(204, 'Maktabet Jada'),
(205, 'Maktabet Jadah'),
(206, 'Maktabet Tabriah'),
(207, 'Maktabet Wahba'),
(208, 'Maktabet Wahbah'),
(209, 'Manaar Al-Dadawleeah/Alfath lilealaam Alarabi'),
(210, 'Markaz Al-Derasaat wal-Ialaam'),
(211, 'Mo''asaset Al-Kutub Al-Thaqafiah'),
(212, 'Mo''asaset Al-Resalah'),
(213, 'Mou`saseet Manahel AL-Erfaan'),
(214, 'Mou''asaseet Al-Rayaan'),
(215, 'Mou''asaseet Al-Resaalah'),
(216, 'Mou''asaset Al-Resaalah'),
(217, 'Mou''asaset Al-Resalah'),
(218, 'Mou''saset Al-Resaalah'),
(219, 'Mou''saset Al-Resaalah, Maktabet Al-Quds'),
(220, 'Mou''sasset Oulom Al-Qura''an'),
(221, 'Moua''saset Al-Resaalah'),
(222, 'Nadi Maka Al-Thaqafi Al-Adabi'),
(223, 'Rea''aseet Edareet Al-Bouhouuth Al-Elmiah waleftaa'),
(224, 'Rea''aseet Edareet Al-Bouhouuth Al-Elmiah waleftaa Wal-Dawaah wal-Irshaad'),
(225, 'Silsilaat Al-Bohouth Al-Islamiah'),
(226, 'Wezaraat Al-Awqaaf Lilsh''oun Al-Islaamiah'),
(227, '-'),
(228, '');

-- --------------------------------------------------------

--
-- Table structure for table `user`
--

CREATE TABLE IF NOT EXISTS `user` (
  `User_ID` int(11) NOT NULL AUTO_INCREMENT,
  `User_code` varchar(100) CHARACTER SET utf8 COLLATE utf8_unicode_ci NOT NULL,
  `Password` varchar(20) CHARACTER SET utf8 COLLATE utf8_unicode_ci NOT NULL,
  `Address` varchar(100) CHARACTER SET utf8 COLLATE utf8_unicode_ci NOT NULL,
  `User_First_name` varchar(20) CHARACTER SET utf8 COLLATE utf8_unicode_ci NOT NULL,
  `User_Last_name` varchar(20) CHARACTER SET utf8 COLLATE utf8_unicode_ci NOT NULL,
  `Email` varchar(20) CHARACTER SET utf8 COLLATE utf8_unicode_ci NOT NULL,
  `Phone` varchar(20) CHARACTER SET utf8 COLLATE utf8_unicode_ci NOT NULL,
  PRIMARY KEY (`User_ID`)
) ENGINE=MyISAM  DEFAULT CHARSET=latin1 AUTO_INCREMENT=6 ;

--
-- Dumping data for table `user`
--

INSERT INTO `user` (`User_ID`, `User_code`, `Password`, `Address`, `User_First_name`, `User_Last_name`, `Email`, `Phone`) VALUES
(1, '001A', 'nhafsa', 'Unit # 101, 10425 77 Avenue', 'Noor ', 'Hafsa', 'nhafsa@ualberta.ca', '780-243-7069'),
(4, '002A', 'user', '303. 12725 85 Avenue NW', 'Ashique', 'Khan', 'ashique@yahoo.ocm', '780-345-6078'),
(5, '004A', 'helnaka', '101. 10425 77 Avenue NW', 'Hebatalla', 'elnaka', 'h.elnaka88@gmail.com', '780-200-5497');

/*!40101 SET CHARACTER_SET_CLIENT=@OLD_CHARACTER_SET_CLIENT */;
/*!40101 SET CHARACTER_SET_RESULTS=@OLD_CHARACTER_SET_RESULTS */;
/*!40101 SET COLLATION_CONNECTION=@OLD_COLLATION_CONNECTION */;
